[2026-05-08 13:52:52] (ERROR @ /var/www/html/core/vendor/xpdo/xpdo/src/xPDO/Om/xPDOObject.php : 227) Error 42S02 executing statement: 
Array
(
    [0] => 42S02
    [1] => 1146
    [2] => Table 'modx.modx_session' doesn't exist
)

[2026-05-08 13:52:52] (ERROR @ /var/www/html/core/vendor/xpdo/xpdo/src/xPDO/Om/xPDOObject.php : 227) Error 42S02 executing statement: 
Array
(
    [0] => 42S02
    [1] => 1146
    [2] => Table 'modx.modx_session' doesn't exist
)

[2026-05-08 13:52:52] (ERROR @ /var/www/html/core/vendor/xpdo/xpdo/src/xPDO/Om/xPDOObject.php : 1447) Error 42S02 executing statement:
INSERT INTO `modx_session` (`id`, `access`, `data`) VALUES ('5f9b451008316ec52877e1443b48a646', 1778248372, 'modx.user.contextTokens|a:0:{}')
Array
(
    [0] => 42S02
    [1] => 1146
    [2] => Table 'modx.modx_session' doesn't exist
)

[2026-05-08 13:52:58] (ERROR @ /var/www/html/core/vendor/xpdo/xpdo/src/xPDO/Om/xPDOObject.php : 227) Error 42S02 executing statement: 
Array
(
    [0] => 42S02
    [1] => 1146
    [2] => Table 'modx.modx_session' doesn't exist
)

[2026-05-08 13:52:58] (ERROR @ /var/www/html/core/vendor/xpdo/xpdo/src/xPDO/Om/xPDOObject.php : 227) Error 42S02 executing statement: 
Array
(
    [0] => 42S02
    [1] => 1146
    [2] => Table 'modx.modx_session' doesn't exist
)

[2026-05-08 13:52:58] (ERROR @ /var/www/html/core/vendor/xpdo/xpdo/src/xPDO/Om/xPDOObject.php : 1447) Error 42S02 executing statement:
INSERT INTO `modx_session` (`id`, `access`, `data`) VALUES ('5f9b451008316ec52877e1443b48a646', 1778248378, 'modx.user.contextTokens|a:0:{}')
Array
(
    [0] => 42S02
    [1] => 1146
    [2] => Table 'modx.modx_session' doesn't exist
)

[2026-05-08 13:53:03] (ERROR @ /var/www/html/core/vendor/xpdo/xpdo/src/xPDO/Om/xPDOObject.php : 227) Error 42S02 executing statement: 
Array
(
    [0] => 42S02
    [1] => 1146
    [2] => Table 'modx.modx_session' doesn't exist
)

[2026-05-08 13:53:04] (ERROR @ /var/www/html/core/vendor/xpdo/xpdo/src/xPDO/Om/xPDOObject.php : 227) Error 42S02 executing statement: 
Array
(
    [0] => 42S02
    [1] => 1146
    [2] => Table 'modx.modx_lexicon_entries' doesn't exist
)

[2026-05-08 13:53:04] (ERROR @ /var/www/html/core/vendor/xpdo/xpdo/src/xPDO/Om/xPDOObject.php : 227) Error 42S02 executing statement: 
Array
(
    [0] => 42S02
    [1] => 1146
    [2] => Table 'modx.modx_lexicon_entries' doesn't exist
)

[2026-05-08 13:53:04] (ERROR @ /var/www/html/core/vendor/xpdo/xpdo/src/xPDO/Om/xPDOObject.php : 227) Error 42S02 executing statement: 
Array
(
    [0] => 42S02
    [1] => 1146
    [2] => Table 'modx.modx_lexicon_entries' doesn't exist
)

[2026-05-08 13:53:04] (ERROR @ /var/www/html/core/vendor/xpdo/xpdo/src/xPDO/Om/xPDOObject.php : 227) Error 42S02 executing statement: 
Array
(
    [0] => 42S02
    [1] => 1146
    [2] => Table 'modx.modx_lexicon_entries' doesn't exist
)

[2026-05-08 13:53:04] (ERROR @ /var/www/html/core/vendor/xpdo/xpdo/src/xPDO/Om/xPDOObject.php : 227) Error 42S02 executing statement: 
Array
(
    [0] => 42S02
    [1] => 1146
    [2] => Table 'modx.modx_access_context' doesn't exist
)

[2026-05-08 13:53:04] (ERROR @ /var/www/html/core/vendor/xpdo/xpdo/src/xPDO/Om/xPDOObject.php : 227) Error 42S02 executing statement: 
Array
(
    [0] => 42S02
    [1] => 1146
    [2] => Table 'modx.modx_actiondom' doesn't exist
)

[2026-05-08 13:53:04] (ERROR @ /var/www/html/core/vendor/xpdo/xpdo/src/xPDO/Om/xPDOObject.php : 227) Error 42S02 executing statement: 
Array
(
    [0] => 42S02
    [1] => 1146
    [2] => Table 'modx.modx_lexicon_entries' doesn't exist
)

[2026-05-08 13:53:05] (ERROR @ /var/www/html/core/vendor/xpdo/xpdo/src/xPDO/Om/xPDOObject.php : 227) Error 42S02 executing statement: 
Array
(
    [0] => 42S02
    [1] => 1146
    [2] => Table 'modx.modx_session' doesn't exist
)

[2026-05-08 13:53:05] (ERROR @ /var/www/html/core/vendor/xpdo/xpdo/src/xPDO/Om/xPDOObject.php : 1447) Error 42S02 executing statement:
INSERT INTO `modx_session` (`id`, `access`, `data`) VALUES ('5f9b451008316ec52877e1443b48a646', 1778248385, 'modx.user.contextTokens|a:0:{}manager_language|s:2:\"en\";')
Array
(
    [0] => 42S02
    [1] => 1146
    [2] => Table 'modx.modx_session' doesn't exist
)

[2026-05-08 13:53:34] (ERROR @ /var/www/html/core/vendor/xpdo/xpdo/src/xPDO/Om/xPDOObject.php : 227) Error 42S02 executing statement: 
Array
(
    [0] => 42S02
    [1] => 1146
    [2] => Table 'modx.modx_session' doesn't exist
)

[2026-05-08 13:53:34] (ERROR @ /var/www/html/core/vendor/xpdo/xpdo/src/xPDO/Om/xPDOObject.php : 227) Error 42S02 executing statement: 
Array
(
    [0] => 42S02
    [1] => 1146
    [2] => Table 'modx.modx_access_context' doesn't exist
)

[2026-05-08 13:53:34] (ERROR @ /var/www/html/core/vendor/xpdo/xpdo/src/xPDO/Om/xPDOObject.php : 227) Error 42S02 executing statement: 
Array
(
    [0] => 42S02
    [1] => 1146
    [2] => Table 'modx.modx_actiondom' doesn't exist
)

[2026-05-08 13:53:34] (ERROR @ /var/www/html/core/vendor/xpdo/xpdo/src/xPDO/Om/xPDOObject.php : 534) Error 42S02 executing query: SELECT `modUser`.`id` AS `modUser_id`, `modUser`.`username` AS `modUser_username`, `modUser`.`password` AS `modUser_password`, `modUser`.`cachepwd` AS `modUser_cachepwd`, `modUser`.`class_key` AS `modUser_class_key`, `modUser`.`active` AS `modUser_active`, `modUser`.`remote_key` AS `modUser_remote_key`, `modUser`.`remote_data` AS `modUser_remote_data`, `modUser`.`hash_class` AS `modUser_hash_class`, `modUser`.`salt` AS `modUser_salt`, `modUser`.`primary_group` AS `modUser_primary_group`, `modUser`.`session_stale` AS `modUser_session_stale`, `modUser`.`sudo` AS `modUser_sudo`, `modUser`.`createdon` AS `modUser_createdon`, `Profile`.`id` AS `Profile_id`, `Profile`.`internalKey` AS `Profile_internalKey`, `Profile`.`fullname` AS `Profile_fullname`, `Profile`.`email` AS `Profile_email`, `Profile`.`phone` AS `Profile_phone`, `Profile`.`mobilephone` AS `Profile_mobilephone`, `Profile`.`blocked` AS `Profile_blocked`, `Profile`.`blockeduntil` AS `Profile_blockeduntil`, `Profile`.`blockedafter` AS `Profile_blockedafter`, `Profile`.`logincount` AS `Profile_logincount`, `Profile`.`lastlogin` AS `Profile_lastlogin`, `Profile`.`thislogin` AS `Profile_thislogin`, `Profile`.`failedlogincount` AS `Profile_failedlogincount`, `Profile`.`sessionid` AS `Profile_sessionid`, `Profile`.`dob` AS `Profile_dob`, `Profile`.`gender` AS `Profile_gender`, `Profile`.`address` AS `Profile_address`, `Profile`.`country` AS `Profile_country`, `Profile`.`city` AS `Profile_city`, `Profile`.`state` AS `Profile_state`, `Profile`.`zip` AS `Profile_zip`, `Profile`.`fax` AS `Profile_fax`, `Profile`.`photo` AS `Profile_photo`, `Profile`.`comment` AS `Profile_comment`, `Profile`.`website` AS `Profile_website`, `Profile`.`extended` AS `Profile_extended`, `UserSettings`.`user` AS `UserSettings_user`, `UserSettings`.`key` AS `UserSettings_key`, `UserSettings`.`value` AS `UserSettings_value`, `UserSettings`.`xtype` AS `UserSettings_xtype`, `UserSettings`.`namespace` AS `UserSettings_namespace`, `UserSettings`.`area` AS `UserSettings_area`, `UserSettings`.`editedon` AS `UserSettings_editedon` FROM `modx_users` AS `modUser` LEFT JOIN `modx_user_attributes` `Profile` ON `modUser`.`id` = `Profile`.`internalKey` LEFT JOIN `modx_user_settings` `UserSettings` ON `modUser`.`id` = `UserSettings`.`user` WHERE `modUser`.`username` = ? ORDER BY `modUser`.`id` ASC  - Array
(
    [0] => 42S02
    [1] => 1146
    [2] => Table 'modx.modx_users' doesn't exist
)

[2026-05-08 13:53:34] (ERROR @ /var/www/html/core/vendor/xpdo/xpdo/src/xPDO/Om/xPDOObject.php : 227) Error 42S02 executing statement: 
Array
(
    [0] => 42S02
    [1] => 1146
    [2] => Table 'modx.modx_session' doesn't exist
)

[2026-05-08 13:53:34] (ERROR @ /var/www/html/core/vendor/xpdo/xpdo/src/xPDO/Om/xPDOObject.php : 1447) Error 42S02 executing statement:
INSERT INTO `modx_session` (`id`, `access`, `data`) VALUES ('5f9b451008316ec52877e1443b48a646', 1778248414, 'modx.user.contextTokens|a:0:{}manager_language|s:2:\"en\";')
Array
(
    [0] => 42S02
    [1] => 1146
    [2] => Table 'modx.modx_session' doesn't exist
)

[2026-05-08 13:53:51] (ERROR @ /var/www/html/core/vendor/xpdo/xpdo/src/xPDO/Om/xPDOObject.php : 227) Error 42S02 executing statement: 
Array
(
    [0] => 42S02
    [1] => 1146
    [2] => Table 'modx.modx_session' doesn't exist
)

[2026-05-08 13:53:51] (ERROR @ /var/www/html/core/vendor/xpdo/xpdo/src/xPDO/Om/xPDOObject.php : 227) Error 42S02 executing statement: 
Array
(
    [0] => 42S02
    [1] => 1146
    [2] => Table 'modx.modx_access_context' doesn't exist
)

[2026-05-08 13:53:52] (ERROR @ /var/www/html/core/vendor/xpdo/xpdo/src/xPDO/Om/xPDOObject.php : 227) Error 42S02 executing statement: 
Array
(
    [0] => 42S02
    [1] => 1146
    [2] => Table 'modx.modx_actiondom' doesn't exist
)

[2026-05-08 13:53:52] (ERROR @ /var/www/html/core/vendor/xpdo/xpdo/src/xPDO/Om/xPDOObject.php : 534) Error 42S02 executing query: SELECT `modUser`.`id` AS `modUser_id`, `modUser`.`username` AS `modUser_username`, `modUser`.`password` AS `modUser_password`, `modUser`.`cachepwd` AS `modUser_cachepwd`, `modUser`.`class_key` AS `modUser_class_key`, `modUser`.`active` AS `modUser_active`, `modUser`.`remote_key` AS `modUser_remote_key`, `modUser`.`remote_data` AS `modUser_remote_data`, `modUser`.`hash_class` AS `modUser_hash_class`, `modUser`.`salt` AS `modUser_salt`, `modUser`.`primary_group` AS `modUser_primary_group`, `modUser`.`session_stale` AS `modUser_session_stale`, `modUser`.`sudo` AS `modUser_sudo`, `modUser`.`createdon` AS `modUser_createdon`, `Profile`.`id` AS `Profile_id`, `Profile`.`internalKey` AS `Profile_internalKey`, `Profile`.`fullname` AS `Profile_fullname`, `Profile`.`email` AS `Profile_email`, `Profile`.`phone` AS `Profile_phone`, `Profile`.`mobilephone` AS `Profile_mobilephone`, `Profile`.`blocked` AS `Profile_blocked`, `Profile`.`blockeduntil` AS `Profile_blockeduntil`, `Profile`.`blockedafter` AS `Profile_blockedafter`, `Profile`.`logincount` AS `Profile_logincount`, `Profile`.`lastlogin` AS `Profile_lastlogin`, `Profile`.`thislogin` AS `Profile_thislogin`, `Profile`.`failedlogincount` AS `Profile_failedlogincount`, `Profile`.`sessionid` AS `Profile_sessionid`, `Profile`.`dob` AS `Profile_dob`, `Profile`.`gender` AS `Profile_gender`, `Profile`.`address` AS `Profile_address`, `Profile`.`country` AS `Profile_country`, `Profile`.`city` AS `Profile_city`, `Profile`.`state` AS `Profile_state`, `Profile`.`zip` AS `Profile_zip`, `Profile`.`fax` AS `Profile_fax`, `Profile`.`photo` AS `Profile_photo`, `Profile`.`comment` AS `Profile_comment`, `Profile`.`website` AS `Profile_website`, `Profile`.`extended` AS `Profile_extended`, `UserSettings`.`user` AS `UserSettings_user`, `UserSettings`.`key` AS `UserSettings_key`, `UserSettings`.`value` AS `UserSettings_value`, `UserSettings`.`xtype` AS `UserSettings_xtype`, `UserSettings`.`namespace` AS `UserSettings_namespace`, `UserSettings`.`area` AS `UserSettings_area`, `UserSettings`.`editedon` AS `UserSettings_editedon` FROM `modx_users` AS `modUser` LEFT JOIN `modx_user_attributes` `Profile` ON `modUser`.`id` = `Profile`.`internalKey` LEFT JOIN `modx_user_settings` `UserSettings` ON `modUser`.`id` = `UserSettings`.`user` WHERE `modUser`.`username` = ? ORDER BY `modUser`.`id` ASC  - Array
(
    [0] => 42S02
    [1] => 1146
    [2] => Table 'modx.modx_users' doesn't exist
)

[2026-05-08 13:53:52] (ERROR @ /var/www/html/core/vendor/xpdo/xpdo/src/xPDO/Om/xPDOObject.php : 227) Error 42S02 executing statement: 
Array
(
    [0] => 42S02
    [1] => 1146
    [2] => Table 'modx.modx_session' doesn't exist
)

[2026-05-08 13:53:52] (ERROR @ /var/www/html/core/vendor/xpdo/xpdo/src/xPDO/Om/xPDOObject.php : 1447) Error 42S02 executing statement:
INSERT INTO `modx_session` (`id`, `access`, `data`) VALUES ('5f9b451008316ec52877e1443b48a646', 1778248432, 'modx.user.contextTokens|a:0:{}manager_language|s:2:\"en\";')
Array
(
    [0] => 42S02
    [1] => 1146
    [2] => Table 'modx.modx_session' doesn't exist
)

[2026-05-08 13:54:18] (ERROR @ /var/www/html/core/vendor/xpdo/xpdo/src/xPDO/Om/xPDOObject.php : 227) Error 42S02 executing statement: 
Array
(
    [0] => 42S02
    [1] => 1146
    [2] => Table 'modx.modx_session' doesn't exist
)

[2026-05-08 13:54:19] (ERROR @ /var/www/html/core/vendor/xpdo/xpdo/src/xPDO/Om/xPDOObject.php : 227) Error 42S02 executing statement: 
Array
(
    [0] => 42S02
    [1] => 1146
    [2] => Table 'modx.modx_access_context' doesn't exist
)

[2026-05-08 13:54:19] (ERROR @ /var/www/html/core/vendor/xpdo/xpdo/src/xPDO/Om/xPDOObject.php : 227) Error 42S02 executing statement: 
Array
(
    [0] => 42S02
    [1] => 1146
    [2] => Table 'modx.modx_actiondom' doesn't exist
)

[2026-05-08 13:54:19] (ERROR @ /var/www/html/core/vendor/xpdo/xpdo/src/xPDO/Om/xPDOObject.php : 534) Error 42S02 executing query: SELECT `modUser`.`id` AS `modUser_id`, `modUser`.`username` AS `modUser_username`, `modUser`.`password` AS `modUser_password`, `modUser`.`cachepwd` AS `modUser_cachepwd`, `modUser`.`class_key` AS `modUser_class_key`, `modUser`.`active` AS `modUser_active`, `modUser`.`remote_key` AS `modUser_remote_key`, `modUser`.`remote_data` AS `modUser_remote_data`, `modUser`.`hash_class` AS `modUser_hash_class`, `modUser`.`salt` AS `modUser_salt`, `modUser`.`primary_group` AS `modUser_primary_group`, `modUser`.`session_stale` AS `modUser_session_stale`, `modUser`.`sudo` AS `modUser_sudo`, `modUser`.`createdon` AS `modUser_createdon`, `Profile`.`id` AS `Profile_id`, `Profile`.`internalKey` AS `Profile_internalKey`, `Profile`.`fullname` AS `Profile_fullname`, `Profile`.`email` AS `Profile_email`, `Profile`.`phone` AS `Profile_phone`, `Profile`.`mobilephone` AS `Profile_mobilephone`, `Profile`.`blocked` AS `Profile_blocked`, `Profile`.`blockeduntil` AS `Profile_blockeduntil`, `Profile`.`blockedafter` AS `Profile_blockedafter`, `Profile`.`logincount` AS `Profile_logincount`, `Profile`.`lastlogin` AS `Profile_lastlogin`, `Profile`.`thislogin` AS `Profile_thislogin`, `Profile`.`failedlogincount` AS `Profile_failedlogincount`, `Profile`.`sessionid` AS `Profile_sessionid`, `Profile`.`dob` AS `Profile_dob`, `Profile`.`gender` AS `Profile_gender`, `Profile`.`address` AS `Profile_address`, `Profile`.`country` AS `Profile_country`, `Profile`.`city` AS `Profile_city`, `Profile`.`state` AS `Profile_state`, `Profile`.`zip` AS `Profile_zip`, `Profile`.`fax` AS `Profile_fax`, `Profile`.`photo` AS `Profile_photo`, `Profile`.`comment` AS `Profile_comment`, `Profile`.`website` AS `Profile_website`, `Profile`.`extended` AS `Profile_extended`, `UserSettings`.`user` AS `UserSettings_user`, `UserSettings`.`key` AS `UserSettings_key`, `UserSettings`.`value` AS `UserSettings_value`, `UserSettings`.`xtype` AS `UserSettings_xtype`, `UserSettings`.`namespace` AS `UserSettings_namespace`, `UserSettings`.`area` AS `UserSettings_area`, `UserSettings`.`editedon` AS `UserSettings_editedon` FROM `modx_users` AS `modUser` LEFT JOIN `modx_user_attributes` `Profile` ON `modUser`.`id` = `Profile`.`internalKey` LEFT JOIN `modx_user_settings` `UserSettings` ON `modUser`.`id` = `UserSettings`.`user` WHERE `modUser`.`username` = ? ORDER BY `modUser`.`id` ASC  - Array
(
    [0] => 42S02
    [1] => 1146
    [2] => Table 'modx.modx_users' doesn't exist
)

[2026-05-08 13:54:19] (ERROR @ /var/www/html/core/vendor/xpdo/xpdo/src/xPDO/Om/xPDOObject.php : 227) Error 42S02 executing statement: 
Array
(
    [0] => 42S02
    [1] => 1146
    [2] => Table 'modx.modx_session' doesn't exist
)

[2026-05-08 13:54:19] (ERROR @ /var/www/html/core/vendor/xpdo/xpdo/src/xPDO/Om/xPDOObject.php : 1447) Error 42S02 executing statement:
INSERT INTO `modx_session` (`id`, `access`, `data`) VALUES ('5f9b451008316ec52877e1443b48a646', 1778248459, 'modx.user.contextTokens|a:0:{}manager_language|s:2:\"en\";')
Array
(
    [0] => 42S02
    [1] => 1146
    [2] => Table 'modx.modx_session' doesn't exist
)

[2026-05-08 13:54:24] (ERROR @ /var/www/html/core/vendor/xpdo/xpdo/src/xPDO/Om/xPDOObject.php : 227) Error 42S02 executing statement: 
Array
(
    [0] => 42S02
    [1] => 1146
    [2] => Table 'modx.modx_session' doesn't exist
)

[2026-05-08 13:54:24] (ERROR @ /var/www/html/core/vendor/xpdo/xpdo/src/xPDO/Om/xPDOObject.php : 227) Error 42S02 executing statement: 
Array
(
    [0] => 42S02
    [1] => 1146
    [2] => Table 'modx.modx_access_context' doesn't exist
)

[2026-05-08 13:54:24] (ERROR @ /var/www/html/core/vendor/xpdo/xpdo/src/xPDO/Om/xPDOObject.php : 227) Error 42S02 executing statement: 
Array
(
    [0] => 42S02
    [1] => 1146
    [2] => Table 'modx.modx_actiondom' doesn't exist
)

[2026-05-08 13:54:24] (ERROR @ /var/www/html/core/vendor/xpdo/xpdo/src/xPDO/Om/xPDOObject.php : 534) Error 42S02 executing query: SELECT `modUser`.`id` AS `modUser_id`, `modUser`.`username` AS `modUser_username`, `modUser`.`password` AS `modUser_password`, `modUser`.`cachepwd` AS `modUser_cachepwd`, `modUser`.`class_key` AS `modUser_class_key`, `modUser`.`active` AS `modUser_active`, `modUser`.`remote_key` AS `modUser_remote_key`, `modUser`.`remote_data` AS `modUser_remote_data`, `modUser`.`hash_class` AS `modUser_hash_class`, `modUser`.`salt` AS `modUser_salt`, `modUser`.`primary_group` AS `modUser_primary_group`, `modUser`.`session_stale` AS `modUser_session_stale`, `modUser`.`sudo` AS `modUser_sudo`, `modUser`.`createdon` AS `modUser_createdon`, `Profile`.`id` AS `Profile_id`, `Profile`.`internalKey` AS `Profile_internalKey`, `Profile`.`fullname` AS `Profile_fullname`, `Profile`.`email` AS `Profile_email`, `Profile`.`phone` AS `Profile_phone`, `Profile`.`mobilephone` AS `Profile_mobilephone`, `Profile`.`blocked` AS `Profile_blocked`, `Profile`.`blockeduntil` AS `Profile_blockeduntil`, `Profile`.`blockedafter` AS `Profile_blockedafter`, `Profile`.`logincount` AS `Profile_logincount`, `Profile`.`lastlogin` AS `Profile_lastlogin`, `Profile`.`thislogin` AS `Profile_thislogin`, `Profile`.`failedlogincount` AS `Profile_failedlogincount`, `Profile`.`sessionid` AS `Profile_sessionid`, `Profile`.`dob` AS `Profile_dob`, `Profile`.`gender` AS `Profile_gender`, `Profile`.`address` AS `Profile_address`, `Profile`.`country` AS `Profile_country`, `Profile`.`city` AS `Profile_city`, `Profile`.`state` AS `Profile_state`, `Profile`.`zip` AS `Profile_zip`, `Profile`.`fax` AS `Profile_fax`, `Profile`.`photo` AS `Profile_photo`, `Profile`.`comment` AS `Profile_comment`, `Profile`.`website` AS `Profile_website`, `Profile`.`extended` AS `Profile_extended`, `UserSettings`.`user` AS `UserSettings_user`, `UserSettings`.`key` AS `UserSettings_key`, `UserSettings`.`value` AS `UserSettings_value`, `UserSettings`.`xtype` AS `UserSettings_xtype`, `UserSettings`.`namespace` AS `UserSettings_namespace`, `UserSettings`.`area` AS `UserSettings_area`, `UserSettings`.`editedon` AS `UserSettings_editedon` FROM `modx_users` AS `modUser` LEFT JOIN `modx_user_attributes` `Profile` ON `modUser`.`id` = `Profile`.`internalKey` LEFT JOIN `modx_user_settings` `UserSettings` ON `modUser`.`id` = `UserSettings`.`user` WHERE `modUser`.`username` = ? ORDER BY `modUser`.`id` ASC  - Array
(
    [0] => 42S02
    [1] => 1146
    [2] => Table 'modx.modx_users' doesn't exist
)

[2026-05-08 13:54:25] (ERROR @ /var/www/html/core/vendor/xpdo/xpdo/src/xPDO/Om/xPDOObject.php : 227) Error 42S02 executing statement: 
Array
(
    [0] => 42S02
    [1] => 1146
    [2] => Table 'modx.modx_session' doesn't exist
)

[2026-05-08 13:54:25] (ERROR @ /var/www/html/core/vendor/xpdo/xpdo/src/xPDO/Om/xPDOObject.php : 1447) Error 42S02 executing statement:
INSERT INTO `modx_session` (`id`, `access`, `data`) VALUES ('5f9b451008316ec52877e1443b48a646', 1778248465, 'modx.user.contextTokens|a:0:{}manager_language|s:2:\"en\";')
Array
(
    [0] => 42S02
    [1] => 1146
    [2] => Table 'modx.modx_session' doesn't exist
)

[2026-05-08 13:54:31] (ERROR @ /var/www/html/core/vendor/xpdo/xpdo/src/xPDO/Om/xPDOObject.php : 227) Error 42S02 executing statement: 
Array
(
    [0] => 42S02
    [1] => 1146
    [2] => Table 'modx.modx_session' doesn't exist
)

[2026-05-08 13:54:31] (ERROR @ /var/www/html/core/vendor/xpdo/xpdo/src/xPDO/Om/xPDOObject.php : 227) Error 42S02 executing statement: 
Array
(
    [0] => 42S02
    [1] => 1146
    [2] => Table 'modx.modx_access_context' doesn't exist
)

[2026-05-08 13:54:31] (ERROR @ /var/www/html/core/vendor/xpdo/xpdo/src/xPDO/Om/xPDOObject.php : 227) Error 42S02 executing statement: 
Array
(
    [0] => 42S02
    [1] => 1146
    [2] => Table 'modx.modx_actiondom' doesn't exist
)

[2026-05-08 13:54:31] (ERROR @ /var/www/html/core/vendor/xpdo/xpdo/src/xPDO/Om/xPDOObject.php : 534) Error 42S02 executing query: SELECT `modUser`.`id` AS `modUser_id`, `modUser`.`username` AS `modUser_username`, `modUser`.`password` AS `modUser_password`, `modUser`.`cachepwd` AS `modUser_cachepwd`, `modUser`.`class_key` AS `modUser_class_key`, `modUser`.`active` AS `modUser_active`, `modUser`.`remote_key` AS `modUser_remote_key`, `modUser`.`remote_data` AS `modUser_remote_data`, `modUser`.`hash_class` AS `modUser_hash_class`, `modUser`.`salt` AS `modUser_salt`, `modUser`.`primary_group` AS `modUser_primary_group`, `modUser`.`session_stale` AS `modUser_session_stale`, `modUser`.`sudo` AS `modUser_sudo`, `modUser`.`createdon` AS `modUser_createdon`, `Profile`.`id` AS `Profile_id`, `Profile`.`internalKey` AS `Profile_internalKey`, `Profile`.`fullname` AS `Profile_fullname`, `Profile`.`email` AS `Profile_email`, `Profile`.`phone` AS `Profile_phone`, `Profile`.`mobilephone` AS `Profile_mobilephone`, `Profile`.`blocked` AS `Profile_blocked`, `Profile`.`blockeduntil` AS `Profile_blockeduntil`, `Profile`.`blockedafter` AS `Profile_blockedafter`, `Profile`.`logincount` AS `Profile_logincount`, `Profile`.`lastlogin` AS `Profile_lastlogin`, `Profile`.`thislogin` AS `Profile_thislogin`, `Profile`.`failedlogincount` AS `Profile_failedlogincount`, `Profile`.`sessionid` AS `Profile_sessionid`, `Profile`.`dob` AS `Profile_dob`, `Profile`.`gender` AS `Profile_gender`, `Profile`.`address` AS `Profile_address`, `Profile`.`country` AS `Profile_country`, `Profile`.`city` AS `Profile_city`, `Profile`.`state` AS `Profile_state`, `Profile`.`zip` AS `Profile_zip`, `Profile`.`fax` AS `Profile_fax`, `Profile`.`photo` AS `Profile_photo`, `Profile`.`comment` AS `Profile_comment`, `Profile`.`website` AS `Profile_website`, `Profile`.`extended` AS `Profile_extended`, `UserSettings`.`user` AS `UserSettings_user`, `UserSettings`.`key` AS `UserSettings_key`, `UserSettings`.`value` AS `UserSettings_value`, `UserSettings`.`xtype` AS `UserSettings_xtype`, `UserSettings`.`namespace` AS `UserSettings_namespace`, `UserSettings`.`area` AS `UserSettings_area`, `UserSettings`.`editedon` AS `UserSettings_editedon` FROM `modx_users` AS `modUser` LEFT JOIN `modx_user_attributes` `Profile` ON `modUser`.`id` = `Profile`.`internalKey` LEFT JOIN `modx_user_settings` `UserSettings` ON `modUser`.`id` = `UserSettings`.`user` WHERE `modUser`.`username` = ? ORDER BY `modUser`.`id` ASC  - Array
(
    [0] => 42S02
    [1] => 1146
    [2] => Table 'modx.modx_users' doesn't exist
)

[2026-05-08 13:54:31] (ERROR @ /var/www/html/core/vendor/xpdo/xpdo/src/xPDO/Om/xPDOObject.php : 227) Error 42S02 executing statement: 
Array
(
    [0] => 42S02
    [1] => 1146
    [2] => Table 'modx.modx_session' doesn't exist
)

[2026-05-08 13:54:31] (ERROR @ /var/www/html/core/vendor/xpdo/xpdo/src/xPDO/Om/xPDOObject.php : 1447) Error 42S02 executing statement:
INSERT INTO `modx_session` (`id`, `access`, `data`) VALUES ('5f9b451008316ec52877e1443b48a646', 1778248471, 'modx.user.contextTokens|a:0:{}manager_language|s:2:\"en\";')
Array
(
    [0] => 42S02
    [1] => 1146
    [2] => Table 'modx.modx_session' doesn't exist
)

[2026-05-08 13:54:38] (ERROR @ /var/www/html/core/vendor/xpdo/xpdo/src/xPDO/Om/xPDOObject.php : 227) Error 42S02 executing statement: 
Array
(
    [0] => 42S02
    [1] => 1146
    [2] => Table 'modx.modx_session' doesn't exist
)

[2026-05-08 13:54:38] (ERROR @ /var/www/html/core/vendor/xpdo/xpdo/src/xPDO/Om/xPDOObject.php : 227) Error 42S02 executing statement: 
Array
(
    [0] => 42S02
    [1] => 1146
    [2] => Table 'modx.modx_access_context' doesn't exist
)

[2026-05-08 13:54:38] (ERROR @ /var/www/html/core/vendor/xpdo/xpdo/src/xPDO/Om/xPDOObject.php : 227) Error 42S02 executing statement: 
Array
(
    [0] => 42S02
    [1] => 1146
    [2] => Table 'modx.modx_actiondom' doesn't exist
)

[2026-05-08 13:54:38] (ERROR @ /var/www/html/core/vendor/xpdo/xpdo/src/xPDO/Om/xPDOObject.php : 534) Error 42S02 executing query: SELECT `modUser`.`id` AS `modUser_id`, `modUser`.`username` AS `modUser_username`, `modUser`.`password` AS `modUser_password`, `modUser`.`cachepwd` AS `modUser_cachepwd`, `modUser`.`class_key` AS `modUser_class_key`, `modUser`.`active` AS `modUser_active`, `modUser`.`remote_key` AS `modUser_remote_key`, `modUser`.`remote_data` AS `modUser_remote_data`, `modUser`.`hash_class` AS `modUser_hash_class`, `modUser`.`salt` AS `modUser_salt`, `modUser`.`primary_group` AS `modUser_primary_group`, `modUser`.`session_stale` AS `modUser_session_stale`, `modUser`.`sudo` AS `modUser_sudo`, `modUser`.`createdon` AS `modUser_createdon`, `Profile`.`id` AS `Profile_id`, `Profile`.`internalKey` AS `Profile_internalKey`, `Profile`.`fullname` AS `Profile_fullname`, `Profile`.`email` AS `Profile_email`, `Profile`.`phone` AS `Profile_phone`, `Profile`.`mobilephone` AS `Profile_mobilephone`, `Profile`.`blocked` AS `Profile_blocked`, `Profile`.`blockeduntil` AS `Profile_blockeduntil`, `Profile`.`blockedafter` AS `Profile_blockedafter`, `Profile`.`logincount` AS `Profile_logincount`, `Profile`.`lastlogin` AS `Profile_lastlogin`, `Profile`.`thislogin` AS `Profile_thislogin`, `Profile`.`failedlogincount` AS `Profile_failedlogincount`, `Profile`.`sessionid` AS `Profile_sessionid`, `Profile`.`dob` AS `Profile_dob`, `Profile`.`gender` AS `Profile_gender`, `Profile`.`address` AS `Profile_address`, `Profile`.`country` AS `Profile_country`, `Profile`.`city` AS `Profile_city`, `Profile`.`state` AS `Profile_state`, `Profile`.`zip` AS `Profile_zip`, `Profile`.`fax` AS `Profile_fax`, `Profile`.`photo` AS `Profile_photo`, `Profile`.`comment` AS `Profile_comment`, `Profile`.`website` AS `Profile_website`, `Profile`.`extended` AS `Profile_extended`, `UserSettings`.`user` AS `UserSettings_user`, `UserSettings`.`key` AS `UserSettings_key`, `UserSettings`.`value` AS `UserSettings_value`, `UserSettings`.`xtype` AS `UserSettings_xtype`, `UserSettings`.`namespace` AS `UserSettings_namespace`, `UserSettings`.`area` AS `UserSettings_area`, `UserSettings`.`editedon` AS `UserSettings_editedon` FROM `modx_users` AS `modUser` LEFT JOIN `modx_user_attributes` `Profile` ON `modUser`.`id` = `Profile`.`internalKey` LEFT JOIN `modx_user_settings` `UserSettings` ON `modUser`.`id` = `UserSettings`.`user` WHERE `modUser`.`username` = ? ORDER BY `modUser`.`id` ASC  - Array
(
    [0] => 42S02
    [1] => 1146
    [2] => Table 'modx.modx_users' doesn't exist
)

[2026-05-08 13:54:38] (ERROR @ /var/www/html/core/vendor/xpdo/xpdo/src/xPDO/Om/xPDOObject.php : 227) Error 42S02 executing statement: 
Array
(
    [0] => 42S02
    [1] => 1146
    [2] => Table 'modx.modx_session' doesn't exist
)

[2026-05-08 13:54:38] (ERROR @ /var/www/html/core/vendor/xpdo/xpdo/src/xPDO/Om/xPDOObject.php : 1447) Error 42S02 executing statement:
INSERT INTO `modx_session` (`id`, `access`, `data`) VALUES ('5f9b451008316ec52877e1443b48a646', 1778248478, 'modx.user.contextTokens|a:0:{}manager_language|s:2:\"en\";')
Array
(
    [0] => 42S02
    [1] => 1146
    [2] => Table 'modx.modx_session' doesn't exist
)

[2026-05-08 13:54:43] (ERROR @ /var/www/html/core/vendor/xpdo/xpdo/src/xPDO/Om/xPDOObject.php : 227) Error 42S02 executing statement: 
Array
(
    [0] => 42S02
    [1] => 1146
    [2] => Table 'modx.modx_session' doesn't exist
)

[2026-05-08 13:54:44] (ERROR @ /var/www/html/core/vendor/xpdo/xpdo/src/xPDO/Om/xPDOObject.php : 227) Error 42S02 executing statement: 
Array
(
    [0] => 42S02
    [1] => 1146
    [2] => Table 'modx.modx_access_context' doesn't exist
)

[2026-05-08 13:54:44] (ERROR @ /var/www/html/core/vendor/xpdo/xpdo/src/xPDO/Om/xPDOObject.php : 227) Error 42S02 executing statement: 
Array
(
    [0] => 42S02
    [1] => 1146
    [2] => Table 'modx.modx_actiondom' doesn't exist
)

[2026-05-08 13:54:44] (ERROR @ /var/www/html/core/vendor/xpdo/xpdo/src/xPDO/Om/xPDOObject.php : 534) Error 42S02 executing query: SELECT `modUser`.`id` AS `modUser_id`, `modUser`.`username` AS `modUser_username`, `modUser`.`password` AS `modUser_password`, `modUser`.`cachepwd` AS `modUser_cachepwd`, `modUser`.`class_key` AS `modUser_class_key`, `modUser`.`active` AS `modUser_active`, `modUser`.`remote_key` AS `modUser_remote_key`, `modUser`.`remote_data` AS `modUser_remote_data`, `modUser`.`hash_class` AS `modUser_hash_class`, `modUser`.`salt` AS `modUser_salt`, `modUser`.`primary_group` AS `modUser_primary_group`, `modUser`.`session_stale` AS `modUser_session_stale`, `modUser`.`sudo` AS `modUser_sudo`, `modUser`.`createdon` AS `modUser_createdon`, `Profile`.`id` AS `Profile_id`, `Profile`.`internalKey` AS `Profile_internalKey`, `Profile`.`fullname` AS `Profile_fullname`, `Profile`.`email` AS `Profile_email`, `Profile`.`phone` AS `Profile_phone`, `Profile`.`mobilephone` AS `Profile_mobilephone`, `Profile`.`blocked` AS `Profile_blocked`, `Profile`.`blockeduntil` AS `Profile_blockeduntil`, `Profile`.`blockedafter` AS `Profile_blockedafter`, `Profile`.`logincount` AS `Profile_logincount`, `Profile`.`lastlogin` AS `Profile_lastlogin`, `Profile`.`thislogin` AS `Profile_thislogin`, `Profile`.`failedlogincount` AS `Profile_failedlogincount`, `Profile`.`sessionid` AS `Profile_sessionid`, `Profile`.`dob` AS `Profile_dob`, `Profile`.`gender` AS `Profile_gender`, `Profile`.`address` AS `Profile_address`, `Profile`.`country` AS `Profile_country`, `Profile`.`city` AS `Profile_city`, `Profile`.`state` AS `Profile_state`, `Profile`.`zip` AS `Profile_zip`, `Profile`.`fax` AS `Profile_fax`, `Profile`.`photo` AS `Profile_photo`, `Profile`.`comment` AS `Profile_comment`, `Profile`.`website` AS `Profile_website`, `Profile`.`extended` AS `Profile_extended`, `UserSettings`.`user` AS `UserSettings_user`, `UserSettings`.`key` AS `UserSettings_key`, `UserSettings`.`value` AS `UserSettings_value`, `UserSettings`.`xtype` AS `UserSettings_xtype`, `UserSettings`.`namespace` AS `UserSettings_namespace`, `UserSettings`.`area` AS `UserSettings_area`, `UserSettings`.`editedon` AS `UserSettings_editedon` FROM `modx_users` AS `modUser` LEFT JOIN `modx_user_attributes` `Profile` ON `modUser`.`id` = `Profile`.`internalKey` LEFT JOIN `modx_user_settings` `UserSettings` ON `modUser`.`id` = `UserSettings`.`user` WHERE `modUser`.`username` = ? ORDER BY `modUser`.`id` ASC  - Array
(
    [0] => 42S02
    [1] => 1146
    [2] => Table 'modx.modx_users' doesn't exist
)

[2026-05-08 13:54:44] (ERROR @ /var/www/html/core/vendor/xpdo/xpdo/src/xPDO/Om/xPDOObject.php : 227) Error 42S02 executing statement: 
Array
(
    [0] => 42S02
    [1] => 1146
    [2] => Table 'modx.modx_session' doesn't exist
)

[2026-05-08 13:54:44] (ERROR @ /var/www/html/core/vendor/xpdo/xpdo/src/xPDO/Om/xPDOObject.php : 1447) Error 42S02 executing statement:
INSERT INTO `modx_session` (`id`, `access`, `data`) VALUES ('5f9b451008316ec52877e1443b48a646', 1778248484, 'modx.user.contextTokens|a:0:{}manager_language|s:2:\"en\";')
Array
(
    [0] => 42S02
    [1] => 1146
    [2] => Table 'modx.modx_session' doesn't exist
)

[2026-05-08 13:54:53] (ERROR @ /var/www/html/core/vendor/xpdo/xpdo/src/xPDO/Om/xPDOObject.php : 227) Error 42S02 executing statement: 
Array
(
    [0] => 42S02
    [1] => 1146
    [2] => Table 'modx.modx_session' doesn't exist
)

[2026-05-08 13:54:53] (ERROR @ /var/www/html/core/vendor/xpdo/xpdo/src/xPDO/Om/xPDOObject.php : 227) Error 42S02 executing statement: 
Array
(
    [0] => 42S02
    [1] => 1146
    [2] => Table 'modx.modx_access_context' doesn't exist
)

[2026-05-08 13:54:53] (ERROR @ /var/www/html/core/vendor/xpdo/xpdo/src/xPDO/Om/xPDOObject.php : 227) Error 42S02 executing statement: 
Array
(
    [0] => 42S02
    [1] => 1146
    [2] => Table 'modx.modx_actiondom' doesn't exist
)

[2026-05-08 13:54:53] (ERROR @ /var/www/html/core/vendor/xpdo/xpdo/src/xPDO/Om/xPDOObject.php : 534) Error 42S02 executing query: SELECT `modUser`.`id` AS `modUser_id`, `modUser`.`username` AS `modUser_username`, `modUser`.`password` AS `modUser_password`, `modUser`.`cachepwd` AS `modUser_cachepwd`, `modUser`.`class_key` AS `modUser_class_key`, `modUser`.`active` AS `modUser_active`, `modUser`.`remote_key` AS `modUser_remote_key`, `modUser`.`remote_data` AS `modUser_remote_data`, `modUser`.`hash_class` AS `modUser_hash_class`, `modUser`.`salt` AS `modUser_salt`, `modUser`.`primary_group` AS `modUser_primary_group`, `modUser`.`session_stale` AS `modUser_session_stale`, `modUser`.`sudo` AS `modUser_sudo`, `modUser`.`createdon` AS `modUser_createdon`, `Profile`.`id` AS `Profile_id`, `Profile`.`internalKey` AS `Profile_internalKey`, `Profile`.`fullname` AS `Profile_fullname`, `Profile`.`email` AS `Profile_email`, `Profile`.`phone` AS `Profile_phone`, `Profile`.`mobilephone` AS `Profile_mobilephone`, `Profile`.`blocked` AS `Profile_blocked`, `Profile`.`blockeduntil` AS `Profile_blockeduntil`, `Profile`.`blockedafter` AS `Profile_blockedafter`, `Profile`.`logincount` AS `Profile_logincount`, `Profile`.`lastlogin` AS `Profile_lastlogin`, `Profile`.`thislogin` AS `Profile_thislogin`, `Profile`.`failedlogincount` AS `Profile_failedlogincount`, `Profile`.`sessionid` AS `Profile_sessionid`, `Profile`.`dob` AS `Profile_dob`, `Profile`.`gender` AS `Profile_gender`, `Profile`.`address` AS `Profile_address`, `Profile`.`country` AS `Profile_country`, `Profile`.`city` AS `Profile_city`, `Profile`.`state` AS `Profile_state`, `Profile`.`zip` AS `Profile_zip`, `Profile`.`fax` AS `Profile_fax`, `Profile`.`photo` AS `Profile_photo`, `Profile`.`comment` AS `Profile_comment`, `Profile`.`website` AS `Profile_website`, `Profile`.`extended` AS `Profile_extended`, `UserSettings`.`user` AS `UserSettings_user`, `UserSettings`.`key` AS `UserSettings_key`, `UserSettings`.`value` AS `UserSettings_value`, `UserSettings`.`xtype` AS `UserSettings_xtype`, `UserSettings`.`namespace` AS `UserSettings_namespace`, `UserSettings`.`area` AS `UserSettings_area`, `UserSettings`.`editedon` AS `UserSettings_editedon` FROM `modx_users` AS `modUser` LEFT JOIN `modx_user_attributes` `Profile` ON `modUser`.`id` = `Profile`.`internalKey` LEFT JOIN `modx_user_settings` `UserSettings` ON `modUser`.`id` = `UserSettings`.`user` WHERE `modUser`.`username` = ? ORDER BY `modUser`.`id` ASC  - Array
(
    [0] => 42S02
    [1] => 1146
    [2] => Table 'modx.modx_users' doesn't exist
)

[2026-05-08 13:54:53] (ERROR @ /var/www/html/core/vendor/xpdo/xpdo/src/xPDO/Om/xPDOObject.php : 227) Error 42S02 executing statement: 
Array
(
    [0] => 42S02
    [1] => 1146
    [2] => Table 'modx.modx_session' doesn't exist
)

[2026-05-08 13:54:53] (ERROR @ /var/www/html/core/vendor/xpdo/xpdo/src/xPDO/Om/xPDOObject.php : 1447) Error 42S02 executing statement:
INSERT INTO `modx_session` (`id`, `access`, `data`) VALUES ('5f9b451008316ec52877e1443b48a646', 1778248493, 'modx.user.contextTokens|a:0:{}manager_language|s:2:\"en\";')
Array
(
    [0] => 42S02
    [1] => 1146
    [2] => Table 'modx.modx_session' doesn't exist
)

[2026-05-08 13:54:57] (ERROR @ /var/www/html/core/vendor/xpdo/xpdo/src/xPDO/Om/xPDOObject.php : 227) Error 42S02 executing statement: 
Array
(
    [0] => 42S02
    [1] => 1146
    [2] => Table 'modx.modx_session' doesn't exist
)

[2026-05-08 13:54:58] (ERROR @ /var/www/html/core/vendor/xpdo/xpdo/src/xPDO/Om/xPDOObject.php : 227) Error 42S02 executing statement: 
Array
(
    [0] => 42S02
    [1] => 1146
    [2] => Table 'modx.modx_access_context' doesn't exist
)

[2026-05-08 13:54:58] (ERROR @ /var/www/html/core/vendor/xpdo/xpdo/src/xPDO/Om/xPDOObject.php : 227) Error 42S02 executing statement: 
Array
(
    [0] => 42S02
    [1] => 1146
    [2] => Table 'modx.modx_actiondom' doesn't exist
)

[2026-05-08 13:54:58] (ERROR @ /var/www/html/core/vendor/xpdo/xpdo/src/xPDO/Om/xPDOObject.php : 534) Error 42S02 executing query: SELECT `modUser`.`id` AS `modUser_id`, `modUser`.`username` AS `modUser_username`, `modUser`.`password` AS `modUser_password`, `modUser`.`cachepwd` AS `modUser_cachepwd`, `modUser`.`class_key` AS `modUser_class_key`, `modUser`.`active` AS `modUser_active`, `modUser`.`remote_key` AS `modUser_remote_key`, `modUser`.`remote_data` AS `modUser_remote_data`, `modUser`.`hash_class` AS `modUser_hash_class`, `modUser`.`salt` AS `modUser_salt`, `modUser`.`primary_group` AS `modUser_primary_group`, `modUser`.`session_stale` AS `modUser_session_stale`, `modUser`.`sudo` AS `modUser_sudo`, `modUser`.`createdon` AS `modUser_createdon`, `Profile`.`id` AS `Profile_id`, `Profile`.`internalKey` AS `Profile_internalKey`, `Profile`.`fullname` AS `Profile_fullname`, `Profile`.`email` AS `Profile_email`, `Profile`.`phone` AS `Profile_phone`, `Profile`.`mobilephone` AS `Profile_mobilephone`, `Profile`.`blocked` AS `Profile_blocked`, `Profile`.`blockeduntil` AS `Profile_blockeduntil`, `Profile`.`blockedafter` AS `Profile_blockedafter`, `Profile`.`logincount` AS `Profile_logincount`, `Profile`.`lastlogin` AS `Profile_lastlogin`, `Profile`.`thislogin` AS `Profile_thislogin`, `Profile`.`failedlogincount` AS `Profile_failedlogincount`, `Profile`.`sessionid` AS `Profile_sessionid`, `Profile`.`dob` AS `Profile_dob`, `Profile`.`gender` AS `Profile_gender`, `Profile`.`address` AS `Profile_address`, `Profile`.`country` AS `Profile_country`, `Profile`.`city` AS `Profile_city`, `Profile`.`state` AS `Profile_state`, `Profile`.`zip` AS `Profile_zip`, `Profile`.`fax` AS `Profile_fax`, `Profile`.`photo` AS `Profile_photo`, `Profile`.`comment` AS `Profile_comment`, `Profile`.`website` AS `Profile_website`, `Profile`.`extended` AS `Profile_extended`, `UserSettings`.`user` AS `UserSettings_user`, `UserSettings`.`key` AS `UserSettings_key`, `UserSettings`.`value` AS `UserSettings_value`, `UserSettings`.`xtype` AS `UserSettings_xtype`, `UserSettings`.`namespace` AS `UserSettings_namespace`, `UserSettings`.`area` AS `UserSettings_area`, `UserSettings`.`editedon` AS `UserSettings_editedon` FROM `modx_users` AS `modUser` LEFT JOIN `modx_user_attributes` `Profile` ON `modUser`.`id` = `Profile`.`internalKey` LEFT JOIN `modx_user_settings` `UserSettings` ON `modUser`.`id` = `UserSettings`.`user` WHERE `modUser`.`username` = ? ORDER BY `modUser`.`id` ASC  - Array
(
    [0] => 42S02
    [1] => 1146
    [2] => Table 'modx.modx_users' doesn't exist
)

[2026-05-08 13:54:58] (ERROR @ /var/www/html/core/vendor/xpdo/xpdo/src/xPDO/Om/xPDOObject.php : 227) Error 42S02 executing statement: 
Array
(
    [0] => 42S02
    [1] => 1146
    [2] => Table 'modx.modx_session' doesn't exist
)

[2026-05-08 13:54:58] (ERROR @ /var/www/html/core/vendor/xpdo/xpdo/src/xPDO/Om/xPDOObject.php : 1447) Error 42S02 executing statement:
INSERT INTO `modx_session` (`id`, `access`, `data`) VALUES ('5f9b451008316ec52877e1443b48a646', 1778248498, 'modx.user.contextTokens|a:0:{}manager_language|s:2:\"en\";')
Array
(
    [0] => 42S02
    [1] => 1146
    [2] => Table 'modx.modx_session' doesn't exist
)

[2026-05-08 15:01:57] (ERROR @ /var/www/html/core/vendor/xpdo/xpdo/src/xPDO/xPDO.php : 667) Could not load class: myPackage from mypackage
[2026-05-08 15:01:57] (ERROR @ /var/www/html/core/vendor/xpdo/xpdo/src/xPDO/xPDO.php : 1273) Problem getting service mypackage, instance of class myPackage, from path /var/www/html/core/components/mypackage/model/mypackage/
[2026-05-08 15:02:12] (ERROR @ /var/www/html/core/vendor/xpdo/xpdo/src/xPDO/xPDO.php : 667) Could not load class: myPackage from mypackage
[2026-05-08 15:02:12] (ERROR @ /var/www/html/core/vendor/xpdo/xpdo/src/xPDO/xPDO.php : 1273) Problem getting service mypackage, instance of class myPackage, from path /var/www/html/core/components/mypackage/model/mypackage/
[2026-05-08 15:02:12] (ERROR @ /var/www/html/core/vendor/xpdo/xpdo/src/xPDO/xPDO.php : 607) No class specified for loadClass
[2026-05-08 15:02:12] (ERROR @ /var/www/html/core/vendor/xpdo/xpdo/src/xPDO/xPDO.php : 607) No class specified for loadClass
[2026-05-08 15:02:12] (ERROR @ /var/www/html/core/vendor/xpdo/xpdo/src/xPDO/xPDO.php : 607) No class specified for loadClass
[2026-05-08 15:02:12] (ERROR @ /var/www/html/core/vendor/xpdo/xpdo/src/xPDO/xPDO.php : 1643) Could not load class 
[2026-05-08 15:02:12] (ERROR @ /var/www/html/core/vendor/xpdo/xpdo/src/xPDO/xPDO.php : 607) No class specified for loadClass
[2026-05-08 15:02:12] (ERROR @ /var/www/html/core/vendor/xpdo/xpdo/src/xPDO/xPDO.php : 787) ::getSelectColumns() is not a valid static method.
[2026-05-08 15:02:12] (ERROR @ /var/www/html/core/vendor/xpdo/xpdo/src/xPDO/xPDO.php : 607) No class specified for loadClass
[2026-05-08 15:02:12] (ERROR @ /var/www/html/core/vendor/xpdo/xpdo/src/xPDO/xPDO.php : 787) ::loadCollection() is not a valid static method.
[2026-05-08 15:02:39] (ERROR @ /var/www/html/core/vendor/xpdo/xpdo/src/xPDO/xPDO.php : 667) Could not load class: myPackage from mypackage
[2026-05-08 15:02:39] (ERROR @ /var/www/html/core/vendor/xpdo/xpdo/src/xPDO/xPDO.php : 1273) Problem getting service mypackage, instance of class myPackage, from path /var/www/html/core/components/mypackage/model/mypackage/
[2026-05-09 19:15:50] (ERROR @ /var/www/html/core/vendor/xpdo/xpdo/src/xPDO/xPDO.php : 473) Path specified for package Category is not a valid or accessible directory: /var/www/html/core/components/Category/model/
[2026-05-09 19:15:50] (ERROR @ /var/www/html/core/vendor/xpdo/xpdo/src/xPDO/xPDO.php : 473) Path specified for package shop is not a valid or accessible directory: /var/www/html/core/components/shop/model/
[2026-05-09 19:15:50] (ERROR @ /var/www/html/core/vendor/xpdo/xpdo/src/xPDO/xPDO.php : 473) Path specified for package Category is not a valid or accessible directory: /var/www/html/core/components/Category/model/
[2026-05-09 19:15:50] (ERROR @ /var/www/html/core/vendor/xpdo/xpdo/src/xPDO/xPDO.php : 473) Path specified for package shop is not a valid or accessible directory: /var/www/html/core/components/shop/model/
[2026-05-09 19:16:00] (ERROR @ /var/www/html/core/vendor/xpdo/xpdo/src/xPDO/xPDO.php : 473) Path specified for package Category is not a valid or accessible directory: /var/www/html/core/components/Category/model/
[2026-05-09 19:16:00] (ERROR @ /var/www/html/core/vendor/xpdo/xpdo/src/xPDO/xPDO.php : 473) Path specified for package shop is not a valid or accessible directory: /var/www/html/core/components/shop/model/
[2026-05-09 19:16:00] (ERROR @ /var/www/html/core/vendor/xpdo/xpdo/src/xPDO/xPDO.php : 473) Path specified for package Category is not a valid or accessible directory: /var/www/html/core/components/Category/model/
[2026-05-09 19:16:00] (ERROR @ /var/www/html/core/vendor/xpdo/xpdo/src/xPDO/xPDO.php : 473) Path specified for package shop is not a valid or accessible directory: /var/www/html/core/components/shop/model/
[2026-05-09 19:16:01] (ERROR @ /var/www/html/core/vendor/xpdo/xpdo/src/xPDO/xPDO.php : 473) Path specified for package Category is not a valid or accessible directory: /var/www/html/core/components/Category/model/
[2026-05-09 19:16:01] (ERROR @ /var/www/html/core/vendor/xpdo/xpdo/src/xPDO/xPDO.php : 473) Path specified for package Category is not a valid or accessible directory: /var/www/html/core/components/Category/model/
[2026-05-09 19:16:01] (ERROR @ /var/www/html/core/vendor/xpdo/xpdo/src/xPDO/xPDO.php : 473) Path specified for package Category is not a valid or accessible directory: /var/www/html/core/components/Category/model/
[2026-05-09 19:16:01] (ERROR @ /var/www/html/core/vendor/xpdo/xpdo/src/xPDO/xPDO.php : 473) Path specified for package shop is not a valid or accessible directory: /var/www/html/core/components/shop/model/
[2026-05-09 19:16:01] (ERROR @ /var/www/html/core/vendor/xpdo/xpdo/src/xPDO/xPDO.php : 473) Path specified for package shop is not a valid or accessible directory: /var/www/html/core/components/shop/model/
[2026-05-09 19:16:01] (ERROR @ /var/www/html/core/vendor/xpdo/xpdo/src/xPDO/xPDO.php : 473) Path specified for package shop is not a valid or accessible directory: /var/www/html/core/components/shop/model/
[2026-05-09 19:16:02] (ERROR @ /var/www/html/core/vendor/xpdo/xpdo/src/xPDO/xPDO.php : 473) Path specified for package Category is not a valid or accessible directory: /var/www/html/core/components/Category/model/
[2026-05-09 19:16:02] (ERROR @ /var/www/html/core/vendor/xpdo/xpdo/src/xPDO/xPDO.php : 473) Path specified for package Category is not a valid or accessible directory: /var/www/html/core/components/Category/model/
[2026-05-09 19:16:02] (ERROR @ /var/www/html/core/vendor/xpdo/xpdo/src/xPDO/xPDO.php : 473) Path specified for package shop is not a valid or accessible directory: /var/www/html/core/components/shop/model/
[2026-05-09 19:16:02] (ERROR @ /var/www/html/core/vendor/xpdo/xpdo/src/xPDO/xPDO.php : 473) Path specified for package shop is not a valid or accessible directory: /var/www/html/core/components/shop/model/
[2026-05-09 19:16:02] (ERROR @ /var/www/html/core/vendor/xpdo/xpdo/src/xPDO/xPDO.php : 473) Path specified for package Category is not a valid or accessible directory: /var/www/html/core/components/Category/model/
[2026-05-09 19:16:02] (ERROR @ /var/www/html/core/vendor/xpdo/xpdo/src/xPDO/xPDO.php : 473) Path specified for package shop is not a valid or accessible directory: /var/www/html/core/components/shop/model/
[2026-05-09 19:16:05] (ERROR @ /var/www/html/core/vendor/xpdo/xpdo/src/xPDO/xPDO.php : 473) Path specified for package Category is not a valid or accessible directory: /var/www/html/core/components/Category/model/
[2026-05-09 19:16:05] (ERROR @ /var/www/html/core/vendor/xpdo/xpdo/src/xPDO/xPDO.php : 473) Path specified for package shop is not a valid or accessible directory: /var/www/html/core/components/shop/model/
[2026-05-09 19:16:09] (ERROR @ /var/www/html/core/vendor/xpdo/xpdo/src/xPDO/xPDO.php : 473) Path specified for package Category is not a valid or accessible directory: /var/www/html/core/components/Category/model/
[2026-05-09 19:16:09] (ERROR @ /var/www/html/core/vendor/xpdo/xpdo/src/xPDO/xPDO.php : 473) Path specified for package shop is not a valid or accessible directory: /var/www/html/core/components/shop/model/
[2026-05-09 19:16:12] (ERROR @ /var/www/html/core/vendor/xpdo/xpdo/src/xPDO/xPDO.php : 473) Path specified for package Category is not a valid or accessible directory: /var/www/html/core/components/Category/model/
[2026-05-09 19:16:12] (ERROR @ /var/www/html/core/vendor/xpdo/xpdo/src/xPDO/xPDO.php : 473) Path specified for package Category is not a valid or accessible directory: /var/www/html/core/components/Category/model/
[2026-05-09 19:16:12] (ERROR @ /var/www/html/core/vendor/xpdo/xpdo/src/xPDO/xPDO.php : 473) Path specified for package shop is not a valid or accessible directory: /var/www/html/core/components/shop/model/
[2026-05-09 19:16:12] (ERROR @ /var/www/html/core/vendor/xpdo/xpdo/src/xPDO/xPDO.php : 473) Path specified for package shop is not a valid or accessible directory: /var/www/html/core/components/shop/model/
[2026-05-09 19:16:13] (ERROR @ /var/www/html/core/vendor/xpdo/xpdo/src/xPDO/xPDO.php : 473) Path specified for package Category is not a valid or accessible directory: /var/www/html/core/components/Category/model/
[2026-05-09 19:16:13] (ERROR @ /var/www/html/core/vendor/xpdo/xpdo/src/xPDO/xPDO.php : 473) Path specified for package Category is not a valid or accessible directory: /var/www/html/core/components/Category/model/
[2026-05-09 19:16:13] (ERROR @ /var/www/html/core/vendor/xpdo/xpdo/src/xPDO/xPDO.php : 473) Path specified for package shop is not a valid or accessible directory: /var/www/html/core/components/shop/model/
[2026-05-09 19:16:13] (ERROR @ /var/www/html/core/vendor/xpdo/xpdo/src/xPDO/xPDO.php : 473) Path specified for package shop is not a valid or accessible directory: /var/www/html/core/components/shop/model/
[2026-05-09 19:16:13] (ERROR @ /var/www/html/core/vendor/xpdo/xpdo/src/xPDO/xPDO.php : 473) Path specified for package Category is not a valid or accessible directory: /var/www/html/core/components/Category/model/
[2026-05-09 19:16:13] (ERROR @ /var/www/html/core/vendor/xpdo/xpdo/src/xPDO/xPDO.php : 473) Path specified for package shop is not a valid or accessible directory: /var/www/html/core/components/shop/model/
[2026-05-09 19:16:13] (ERROR @ /var/www/html/core/vendor/xpdo/xpdo/src/xPDO/xPDO.php : 473) Path specified for package Category is not a valid or accessible directory: /var/www/html/core/components/Category/model/
[2026-05-09 19:16:13] (ERROR @ /var/www/html/core/vendor/xpdo/xpdo/src/xPDO/xPDO.php : 473) Path specified for package shop is not a valid or accessible directory: /var/www/html/core/components/shop/model/
[2026-05-09 19:16:14] (ERROR @ /var/www/html/core/vendor/xpdo/xpdo/src/xPDO/xPDO.php : 473) Path specified for package Category is not a valid or accessible directory: /var/www/html/core/components/Category/model/
[2026-05-09 19:16:14] (ERROR @ /var/www/html/core/vendor/xpdo/xpdo/src/xPDO/xPDO.php : 473) Path specified for package shop is not a valid or accessible directory: /var/www/html/core/components/shop/model/
[2026-05-09 19:16:14] (ERROR @ /var/www/html/core/vendor/xpdo/xpdo/src/xPDO/xPDO.php : 473) Path specified for package Category is not a valid or accessible directory: /var/www/html/core/components/Category/model/
[2026-05-09 19:16:14] (ERROR @ /var/www/html/core/vendor/xpdo/xpdo/src/xPDO/xPDO.php : 473) Path specified for package shop is not a valid or accessible directory: /var/www/html/core/components/shop/model/
[2026-05-09 19:16:14] (ERROR @ /var/www/html/core/vendor/xpdo/xpdo/src/xPDO/xPDO.php : 473) Path specified for package Category is not a valid or accessible directory: /var/www/html/core/components/Category/model/
[2026-05-09 19:16:14] (ERROR @ /var/www/html/core/vendor/xpdo/xpdo/src/xPDO/xPDO.php : 473) Path specified for package shop is not a valid or accessible directory: /var/www/html/core/components/shop/model/
[2026-05-09 19:16:15] (ERROR @ /var/www/html/core/vendor/xpdo/xpdo/src/xPDO/xPDO.php : 473) Path specified for package Category is not a valid or accessible directory: /var/www/html/core/components/Category/model/
[2026-05-09 19:16:15] (ERROR @ /var/www/html/core/vendor/xpdo/xpdo/src/xPDO/xPDO.php : 473) Path specified for package Category is not a valid or accessible directory: /var/www/html/core/components/Category/model/
[2026-05-09 19:16:15] (ERROR @ /var/www/html/core/vendor/xpdo/xpdo/src/xPDO/xPDO.php : 473) Path specified for package shop is not a valid or accessible directory: /var/www/html/core/components/shop/model/
[2026-05-09 19:16:15] (ERROR @ /var/www/html/core/vendor/xpdo/xpdo/src/xPDO/xPDO.php : 473) Path specified for package shop is not a valid or accessible directory: /var/www/html/core/components/shop/model/
[2026-05-09 19:16:18] (ERROR @ /var/www/html/core/vendor/xpdo/xpdo/src/xPDO/xPDO.php : 473) Path specified for package Category is not a valid or accessible directory: /var/www/html/core/components/Category/model/
[2026-05-09 19:16:18] (ERROR @ /var/www/html/core/vendor/xpdo/xpdo/src/xPDO/xPDO.php : 473) Path specified for package shop is not a valid or accessible directory: /var/www/html/core/components/shop/model/
[2026-05-09 19:16:19] (ERROR @ /var/www/html/core/vendor/xpdo/xpdo/src/xPDO/xPDO.php : 473) Path specified for package Category is not a valid or accessible directory: /var/www/html/core/components/Category/model/
[2026-05-09 19:16:19] (ERROR @ /var/www/html/core/vendor/xpdo/xpdo/src/xPDO/xPDO.php : 473) Path specified for package shop is not a valid or accessible directory: /var/www/html/core/components/shop/model/
[2026-05-09 19:16:23] (ERROR @ /var/www/html/core/vendor/xpdo/xpdo/src/xPDO/xPDO.php : 473) Path specified for package Category is not a valid or accessible directory: /var/www/html/core/components/Category/model/
[2026-05-09 19:16:23] (ERROR @ /var/www/html/core/vendor/xpdo/xpdo/src/xPDO/xPDO.php : 473) Path specified for package Category is not a valid or accessible directory: /var/www/html/core/components/Category/model/
[2026-05-09 19:16:23] (ERROR @ /var/www/html/core/vendor/xpdo/xpdo/src/xPDO/xPDO.php : 473) Path specified for package shop is not a valid or accessible directory: /var/www/html/core/components/shop/model/
[2026-05-09 19:16:23] (ERROR @ /var/www/html/core/vendor/xpdo/xpdo/src/xPDO/xPDO.php : 473) Path specified for package shop is not a valid or accessible directory: /var/www/html/core/components/shop/model/
[2026-05-09 19:16:24] (ERROR @ /var/www/html/core/vendor/xpdo/xpdo/src/xPDO/xPDO.php : 473) Path specified for package Category is not a valid or accessible directory: /var/www/html/core/components/Category/model/
[2026-05-09 19:16:24] (ERROR @ /var/www/html/core/vendor/xpdo/xpdo/src/xPDO/xPDO.php : 473) Path specified for package shop is not a valid or accessible directory: /var/www/html/core/components/shop/model/
[2026-05-09 19:16:25] (ERROR @ /var/www/html/core/vendor/xpdo/xpdo/src/xPDO/xPDO.php : 473) Path specified for package Category is not a valid or accessible directory: /var/www/html/core/components/Category/model/
[2026-05-09 19:16:25] (ERROR @ /var/www/html/core/vendor/xpdo/xpdo/src/xPDO/xPDO.php : 473) Path specified for package shop is not a valid or accessible directory: /var/www/html/core/components/shop/model/
[2026-05-09 19:16:28] (ERROR @ /var/www/html/core/vendor/xpdo/xpdo/src/xPDO/xPDO.php : 473) Path specified for package Category is not a valid or accessible directory: /var/www/html/core/components/Category/model/
[2026-05-09 19:16:28] (ERROR @ /var/www/html/core/vendor/xpdo/xpdo/src/xPDO/xPDO.php : 473) Path specified for package shop is not a valid or accessible directory: /var/www/html/core/components/shop/model/
[2026-05-09 19:16:31] (ERROR @ /var/www/html/core/vendor/xpdo/xpdo/src/xPDO/xPDO.php : 473) Path specified for package Category is not a valid or accessible directory: /var/www/html/core/components/Category/model/
[2026-05-09 19:16:31] (ERROR @ /var/www/html/core/vendor/xpdo/xpdo/src/xPDO/xPDO.php : 473) Path specified for package shop is not a valid or accessible directory: /var/www/html/core/components/shop/model/
[2026-05-09 19:16:33] (ERROR @ /var/www/html/core/vendor/xpdo/xpdo/src/xPDO/xPDO.php : 473) Path specified for package Category is not a valid or accessible directory: /var/www/html/core/components/Category/model/
[2026-05-09 19:16:33] (ERROR @ /var/www/html/core/vendor/xpdo/xpdo/src/xPDO/xPDO.php : 473) Path specified for package Category is not a valid or accessible directory: /var/www/html/core/components/Category/model/
[2026-05-09 19:16:33] (ERROR @ /var/www/html/core/vendor/xpdo/xpdo/src/xPDO/xPDO.php : 473) Path specified for package shop is not a valid or accessible directory: /var/www/html/core/components/shop/model/
[2026-05-09 19:16:33] (ERROR @ /var/www/html/core/vendor/xpdo/xpdo/src/xPDO/xPDO.php : 473) Path specified for package shop is not a valid or accessible directory: /var/www/html/core/components/shop/model/
[2026-05-09 19:16:34] (ERROR @ /var/www/html/core/vendor/xpdo/xpdo/src/xPDO/xPDO.php : 473) Path specified for package Category is not a valid or accessible directory: /var/www/html/core/components/Category/model/
[2026-05-09 19:16:34] (ERROR @ /var/www/html/core/vendor/xpdo/xpdo/src/xPDO/xPDO.php : 473) Path specified for package Category is not a valid or accessible directory: /var/www/html/core/components/Category/model/
[2026-05-09 19:16:34] (ERROR @ /var/www/html/core/vendor/xpdo/xpdo/src/xPDO/xPDO.php : 473) Path specified for package shop is not a valid or accessible directory: /var/www/html/core/components/shop/model/
[2026-05-09 19:16:34] (ERROR @ /var/www/html/core/vendor/xpdo/xpdo/src/xPDO/xPDO.php : 473) Path specified for package shop is not a valid or accessible directory: /var/www/html/core/components/shop/model/
[2026-05-09 19:16:34] (ERROR @ /var/www/html/core/vendor/xpdo/xpdo/src/xPDO/xPDO.php : 473) Path specified for package Category is not a valid or accessible directory: /var/www/html/core/components/Category/model/
[2026-05-09 19:16:34] (ERROR @ /var/www/html/core/vendor/xpdo/xpdo/src/xPDO/xPDO.php : 473) Path specified for package shop is not a valid or accessible directory: /var/www/html/core/components/shop/model/
[2026-05-09 19:16:35] (ERROR @ /var/www/html/core/vendor/xpdo/xpdo/src/xPDO/xPDO.php : 473) Path specified for package Category is not a valid or accessible directory: /var/www/html/core/components/Category/model/
[2026-05-09 19:16:35] (ERROR @ /var/www/html/core/vendor/xpdo/xpdo/src/xPDO/xPDO.php : 473) Path specified for package shop is not a valid or accessible directory: /var/www/html/core/components/shop/model/
[2026-05-09 19:16:35] (ERROR @ /var/www/html/core/vendor/xpdo/xpdo/src/xPDO/xPDO.php : 473) Path specified for package Category is not a valid or accessible directory: /var/www/html/core/components/Category/model/
[2026-05-09 19:16:35] (ERROR @ /var/www/html/core/vendor/xpdo/xpdo/src/xPDO/xPDO.php : 473) Path specified for package shop is not a valid or accessible directory: /var/www/html/core/components/shop/model/
[2026-05-09 19:16:36] (ERROR @ /var/www/html/core/vendor/xpdo/xpdo/src/xPDO/xPDO.php : 473) Path specified for package Category is not a valid or accessible directory: /var/www/html/core/components/Category/model/
[2026-05-09 19:16:36] (ERROR @ /var/www/html/core/vendor/xpdo/xpdo/src/xPDO/xPDO.php : 473) Path specified for package shop is not a valid or accessible directory: /var/www/html/core/components/shop/model/
[2026-05-09 19:16:36] (ERROR @ /var/www/html/core/vendor/xpdo/xpdo/src/xPDO/xPDO.php : 473) Path specified for package Category is not a valid or accessible directory: /var/www/html/core/components/Category/model/
[2026-05-09 19:16:36] (ERROR @ /var/www/html/core/vendor/xpdo/xpdo/src/xPDO/xPDO.php : 473) Path specified for package shop is not a valid or accessible directory: /var/www/html/core/components/shop/model/
[2026-05-09 19:16:36] (ERROR @ /var/www/html/core/vendor/xpdo/xpdo/src/xPDO/xPDO.php : 473) Path specified for package Category is not a valid or accessible directory: /var/www/html/core/components/Category/model/
[2026-05-09 19:16:36] (ERROR @ /var/www/html/core/vendor/xpdo/xpdo/src/xPDO/xPDO.php : 473) Path specified for package shop is not a valid or accessible directory: /var/www/html/core/components/shop/model/
[2026-05-09 19:16:36] (ERROR @ /var/www/html/core/vendor/xpdo/xpdo/src/xPDO/xPDO.php : 473) Path specified for package Category is not a valid or accessible directory: /var/www/html/core/components/Category/model/
[2026-05-09 19:16:36] (ERROR @ /var/www/html/core/vendor/xpdo/xpdo/src/xPDO/xPDO.php : 473) Path specified for package shop is not a valid or accessible directory: /var/www/html/core/components/shop/model/
[2026-05-09 19:16:37] (ERROR @ /var/www/html/core/vendor/xpdo/xpdo/src/xPDO/xPDO.php : 473) Path specified for package Category is not a valid or accessible directory: /var/www/html/core/components/Category/model/
[2026-05-09 19:16:37] (ERROR @ /var/www/html/core/vendor/xpdo/xpdo/src/xPDO/xPDO.php : 473) Path specified for package shop is not a valid or accessible directory: /var/www/html/core/components/shop/model/
[2026-05-09 19:16:39] (ERROR @ /var/www/html/core/vendor/xpdo/xpdo/src/xPDO/xPDO.php : 473) Path specified for package Category is not a valid or accessible directory: /var/www/html/core/components/Category/model/
[2026-05-09 19:16:39] (ERROR @ /var/www/html/core/vendor/xpdo/xpdo/src/xPDO/xPDO.php : 473) Path specified for package shop is not a valid or accessible directory: /var/www/html/core/components/shop/model/
[2026-05-09 19:16:43] (ERROR @ /var/www/html/core/vendor/xpdo/xpdo/src/xPDO/xPDO.php : 473) Path specified for package Category is not a valid or accessible directory: /var/www/html/core/components/Category/model/
[2026-05-09 19:16:43] (ERROR @ /var/www/html/core/vendor/xpdo/xpdo/src/xPDO/xPDO.php : 473) Path specified for package shop is not a valid or accessible directory: /var/www/html/core/components/shop/model/
[2026-05-09 19:16:47] (ERROR @ /var/www/html/core/vendor/xpdo/xpdo/src/xPDO/xPDO.php : 473) Path specified for package Category is not a valid or accessible directory: /var/www/html/core/components/Category/model/
[2026-05-09 19:16:47] (ERROR @ /var/www/html/core/vendor/xpdo/xpdo/src/xPDO/xPDO.php : 473) Path specified for package shop is not a valid or accessible directory: /var/www/html/core/components/shop/model/
[2026-05-09 19:16:47] (ERROR @ /var/www/html/core/vendor/xpdo/xpdo/src/xPDO/xPDO.php : 473) Path specified for package Category is not a valid or accessible directory: /var/www/html/core/components/Category/model/
[2026-05-09 19:16:47] (ERROR @ /var/www/html/core/vendor/xpdo/xpdo/src/xPDO/xPDO.php : 473) Path specified for package shop is not a valid or accessible directory: /var/www/html/core/components/shop/model/
[2026-05-09 19:16:47] (ERROR @ /var/www/html/core/vendor/xpdo/xpdo/src/xPDO/xPDO.php : 473) Path specified for package Category is not a valid or accessible directory: /var/www/html/core/components/Category/model/
[2026-05-09 19:16:47] (ERROR @ /var/www/html/core/vendor/xpdo/xpdo/src/xPDO/xPDO.php : 473) Path specified for package shop is not a valid or accessible directory: /var/www/html/core/components/shop/model/
[2026-05-09 19:16:48] (ERROR @ /var/www/html/core/vendor/xpdo/xpdo/src/xPDO/xPDO.php : 473) Path specified for package Category is not a valid or accessible directory: /var/www/html/core/components/Category/model/
[2026-05-09 19:16:48] (ERROR @ /var/www/html/core/vendor/xpdo/xpdo/src/xPDO/xPDO.php : 473) Path specified for package shop is not a valid or accessible directory: /var/www/html/core/components/shop/model/
[2026-05-09 19:16:49] (ERROR @ /var/www/html/core/vendor/xpdo/xpdo/src/xPDO/xPDO.php : 473) Path specified for package Category is not a valid or accessible directory: /var/www/html/core/components/Category/model/
[2026-05-09 19:16:49] (ERROR @ /var/www/html/core/vendor/xpdo/xpdo/src/xPDO/xPDO.php : 473) Path specified for package shop is not a valid or accessible directory: /var/www/html/core/components/shop/model/
[2026-05-09 19:16:51] (ERROR @ /var/www/html/core/vendor/xpdo/xpdo/src/xPDO/xPDO.php : 473) Path specified for package Category is not a valid or accessible directory: /var/www/html/core/components/Category/model/
[2026-05-09 19:16:51] (ERROR @ /var/www/html/core/vendor/xpdo/xpdo/src/xPDO/xPDO.php : 473) Path specified for package shop is not a valid or accessible directory: /var/www/html/core/components/shop/model/
[2026-05-09 19:16:58] (ERROR @ /var/www/html/core/vendor/xpdo/xpdo/src/xPDO/xPDO.php : 473) Path specified for package Category is not a valid or accessible directory: /var/www/html/core/components/Category/model/
[2026-05-09 19:16:58] (ERROR @ /var/www/html/core/vendor/xpdo/xpdo/src/xPDO/xPDO.php : 473) Path specified for package shop is not a valid or accessible directory: /var/www/html/core/components/shop/model/
[2026-05-09 19:17:07] (ERROR @ /var/www/html/core/vendor/xpdo/xpdo/src/xPDO/xPDO.php : 473) Path specified for package Category is not a valid or accessible directory: /var/www/html/core/components/Category/model/
[2026-05-09 19:17:07] (ERROR @ /var/www/html/core/vendor/xpdo/xpdo/src/xPDO/xPDO.php : 473) Path specified for package shop is not a valid or accessible directory: /var/www/html/core/components/shop/model/
[2026-05-09 19:17:07] (ERROR @ /var/www/html/core/vendor/xpdo/xpdo/src/xPDO/xPDO.php : 473) Path specified for package Category is not a valid or accessible directory: /var/www/html/core/components/Category/model/
[2026-05-09 19:17:07] (ERROR @ /var/www/html/core/vendor/xpdo/xpdo/src/xPDO/xPDO.php : 473) Path specified for package shop is not a valid or accessible directory: /var/www/html/core/components/shop/model/
[2026-05-09 19:17:09] (ERROR @ /var/www/html/core/vendor/xpdo/xpdo/src/xPDO/xPDO.php : 473) Path specified for package Category is not a valid or accessible directory: /var/www/html/core/components/Category/model/
[2026-05-09 19:17:09] (ERROR @ /var/www/html/core/vendor/xpdo/xpdo/src/xPDO/xPDO.php : 473) Path specified for package shop is not a valid or accessible directory: /var/www/html/core/components/shop/model/
[2026-05-09 19:17:18] (ERROR @ /var/www/html/core/vendor/xpdo/xpdo/src/xPDO/xPDO.php : 473) Path specified for package Category is not a valid or accessible directory: /var/www/html/core/components/Category/model/
[2026-05-09 19:17:18] (ERROR @ /var/www/html/core/vendor/xpdo/xpdo/src/xPDO/xPDO.php : 473) Path specified for package shop is not a valid or accessible directory: /var/www/html/core/components/shop/model/
[2026-05-09 19:17:18] (ERROR @ /var/www/html/core/vendor/xpdo/xpdo/src/xPDO/xPDO.php : 473) Path specified for package Category is not a valid or accessible directory: /var/www/html/core/components/Category/model/
[2026-05-09 19:17:18] (ERROR @ /var/www/html/core/vendor/xpdo/xpdo/src/xPDO/xPDO.php : 473) Path specified for package shop is not a valid or accessible directory: /var/www/html/core/components/shop/model/
[2026-05-09 19:17:20] (ERROR @ /var/www/html/core/vendor/xpdo/xpdo/src/xPDO/xPDO.php : 473) Path specified for package Category is not a valid or accessible directory: /var/www/html/core/components/Category/model/
[2026-05-09 19:17:20] (ERROR @ /var/www/html/core/vendor/xpdo/xpdo/src/xPDO/xPDO.php : 473) Path specified for package shop is not a valid or accessible directory: /var/www/html/core/components/shop/model/
[2026-05-09 19:17:21] (ERROR @ /var/www/html/core/vendor/xpdo/xpdo/src/xPDO/xPDO.php : 473) Path specified for package Category is not a valid or accessible directory: /var/www/html/core/components/Category/model/
[2026-05-09 19:17:21] (ERROR @ /var/www/html/core/vendor/xpdo/xpdo/src/xPDO/xPDO.php : 473) Path specified for package shop is not a valid or accessible directory: /var/www/html/core/components/shop/model/
[2026-05-09 19:17:24] (ERROR @ /var/www/html/core/vendor/xpdo/xpdo/src/xPDO/xPDO.php : 473) Path specified for package Category is not a valid or accessible directory: /var/www/html/core/components/Category/model/
[2026-05-09 19:17:24] (ERROR @ /var/www/html/core/vendor/xpdo/xpdo/src/xPDO/xPDO.php : 473) Path specified for package shop is not a valid or accessible directory: /var/www/html/core/components/shop/model/
[2026-05-09 19:17:25] (ERROR @ /var/www/html/core/vendor/xpdo/xpdo/src/xPDO/xPDO.php : 473) Path specified for package Category is not a valid or accessible directory: /var/www/html/core/components/Category/model/
[2026-05-09 19:17:25] (ERROR @ /var/www/html/core/vendor/xpdo/xpdo/src/xPDO/xPDO.php : 473) Path specified for package shop is not a valid or accessible directory: /var/www/html/core/components/shop/model/
[2026-05-09 19:17:26] (ERROR @ /var/www/html/core/vendor/xpdo/xpdo/src/xPDO/xPDO.php : 473) Path specified for package Category is not a valid or accessible directory: /var/www/html/core/components/Category/model/
[2026-05-09 19:17:26] (ERROR @ /var/www/html/core/vendor/xpdo/xpdo/src/xPDO/xPDO.php : 473) Path specified for package shop is not a valid or accessible directory: /var/www/html/core/components/shop/model/
[2026-05-09 19:17:28] (ERROR @ /var/www/html/core/vendor/xpdo/xpdo/src/xPDO/xPDO.php : 473) Path specified for package Category is not a valid or accessible directory: /var/www/html/core/components/Category/model/
[2026-05-09 19:17:28] (ERROR @ /var/www/html/core/vendor/xpdo/xpdo/src/xPDO/xPDO.php : 473) Path specified for package shop is not a valid or accessible directory: /var/www/html/core/components/shop/model/
[2026-05-09 19:17:29] (ERROR @ /var/www/html/core/vendor/xpdo/xpdo/src/xPDO/xPDO.php : 473) Path specified for package Category is not a valid or accessible directory: /var/www/html/core/components/Category/model/
[2026-05-09 19:17:29] (ERROR @ /var/www/html/core/vendor/xpdo/xpdo/src/xPDO/xPDO.php : 473) Path specified for package shop is not a valid or accessible directory: /var/www/html/core/components/shop/model/
[2026-05-09 19:17:29] (ERROR @ /var/www/html/core/vendor/xpdo/xpdo/src/xPDO/xPDO.php : 473) Path specified for package Category is not a valid or accessible directory: /var/www/html/core/components/Category/model/
[2026-05-09 19:17:29] (ERROR @ /var/www/html/core/vendor/xpdo/xpdo/src/xPDO/xPDO.php : 473) Path specified for package shop is not a valid or accessible directory: /var/www/html/core/components/shop/model/
[2026-05-09 19:17:31] (ERROR @ /var/www/html/core/vendor/xpdo/xpdo/src/xPDO/xPDO.php : 473) Path specified for package Category is not a valid or accessible directory: /var/www/html/core/components/Category/model/
[2026-05-09 19:17:31] (ERROR @ /var/www/html/core/vendor/xpdo/xpdo/src/xPDO/xPDO.php : 473) Path specified for package shop is not a valid or accessible directory: /var/www/html/core/components/shop/model/
[2026-05-09 19:17:31] (ERROR @ /var/www/html/core/vendor/xpdo/xpdo/src/xPDO/xPDO.php : 473) Path specified for package Category is not a valid or accessible directory: /var/www/html/core/components/Category/model/
[2026-05-09 19:17:31] (ERROR @ /var/www/html/core/vendor/xpdo/xpdo/src/xPDO/xPDO.php : 473) Path specified for package shop is not a valid or accessible directory: /var/www/html/core/components/shop/model/
[2026-05-09 19:17:35] (ERROR @ /var/www/html/core/vendor/xpdo/xpdo/src/xPDO/xPDO.php : 473) Path specified for package Category is not a valid or accessible directory: /var/www/html/core/components/Category/model/
[2026-05-09 19:17:35] (ERROR @ /var/www/html/core/vendor/xpdo/xpdo/src/xPDO/xPDO.php : 473) Path specified for package shop is not a valid or accessible directory: /var/www/html/core/components/shop/model/
[2026-05-09 19:17:40] (ERROR @ /var/www/html/core/vendor/xpdo/xpdo/src/xPDO/xPDO.php : 473) Path specified for package Category is not a valid or accessible directory: /var/www/html/core/components/Category/model/
[2026-05-09 19:17:40] (ERROR @ /var/www/html/core/vendor/xpdo/xpdo/src/xPDO/xPDO.php : 473) Path specified for package shop is not a valid or accessible directory: /var/www/html/core/components/shop/model/
[2026-05-09 19:17:44] (ERROR @ /var/www/html/core/vendor/xpdo/xpdo/src/xPDO/xPDO.php : 473) Path specified for package Category is not a valid or accessible directory: /var/www/html/core/components/Category/model/
[2026-05-09 19:17:44] (ERROR @ /var/www/html/core/vendor/xpdo/xpdo/src/xPDO/xPDO.php : 473) Path specified for package shop is not a valid or accessible directory: /var/www/html/core/components/shop/model/
[2026-05-09 19:17:44] (ERROR @ /var/www/html/core/vendor/xpdo/xpdo/src/xPDO/xPDO.php : 473) Path specified for package Category is not a valid or accessible directory: /var/www/html/core/components/Category/model/
[2026-05-09 19:17:44] (ERROR @ /var/www/html/core/vendor/xpdo/xpdo/src/xPDO/xPDO.php : 473) Path specified for package shop is not a valid or accessible directory: /var/www/html/core/components/shop/model/
[2026-05-09 19:17:45] (ERROR @ /var/www/html/core/vendor/xpdo/xpdo/src/xPDO/xPDO.php : 473) Path specified for package Category is not a valid or accessible directory: /var/www/html/core/components/Category/model/
[2026-05-09 19:17:45] (ERROR @ /var/www/html/core/vendor/xpdo/xpdo/src/xPDO/xPDO.php : 473) Path specified for package Category is not a valid or accessible directory: /var/www/html/core/components/Category/model/
[2026-05-09 19:17:45] (ERROR @ /var/www/html/core/vendor/xpdo/xpdo/src/xPDO/xPDO.php : 473) Path specified for package shop is not a valid or accessible directory: /var/www/html/core/components/shop/model/
[2026-05-09 19:17:45] (ERROR @ /var/www/html/core/vendor/xpdo/xpdo/src/xPDO/xPDO.php : 473) Path specified for package shop is not a valid or accessible directory: /var/www/html/core/components/shop/model/
[2026-05-09 19:17:46] (ERROR @ /var/www/html/core/vendor/xpdo/xpdo/src/xPDO/xPDO.php : 473) Path specified for package Category is not a valid or accessible directory: /var/www/html/core/components/Category/model/
[2026-05-09 19:17:46] (ERROR @ /var/www/html/core/vendor/xpdo/xpdo/src/xPDO/xPDO.php : 473) Path specified for package shop is not a valid or accessible directory: /var/www/html/core/components/shop/model/
[2026-05-09 19:17:46] (ERROR @ /var/www/html/core/vendor/xpdo/xpdo/src/xPDO/xPDO.php : 473) Path specified for package Category is not a valid or accessible directory: /var/www/html/core/components/Category/model/
[2026-05-09 19:17:46] (ERROR @ /var/www/html/core/vendor/xpdo/xpdo/src/xPDO/xPDO.php : 473) Path specified for package shop is not a valid or accessible directory: /var/www/html/core/components/shop/model/
[2026-05-09 19:17:46] (ERROR @ /var/www/html/core/vendor/xpdo/xpdo/src/xPDO/xPDO.php : 473) Path specified for package Category is not a valid or accessible directory: /var/www/html/core/components/Category/model/
[2026-05-09 19:17:46] (ERROR @ /var/www/html/core/vendor/xpdo/xpdo/src/xPDO/xPDO.php : 473) Path specified for package Category is not a valid or accessible directory: /var/www/html/core/components/Category/model/
[2026-05-09 19:17:46] (ERROR @ /var/www/html/core/vendor/xpdo/xpdo/src/xPDO/xPDO.php : 473) Path specified for package Category is not a valid or accessible directory: /var/www/html/core/components/Category/model/
[2026-05-09 19:17:46] (ERROR @ /var/www/html/core/vendor/xpdo/xpdo/src/xPDO/xPDO.php : 473) Path specified for package shop is not a valid or accessible directory: /var/www/html/core/components/shop/model/
[2026-05-09 19:17:46] (ERROR @ /var/www/html/core/vendor/xpdo/xpdo/src/xPDO/xPDO.php : 473) Path specified for package shop is not a valid or accessible directory: /var/www/html/core/components/shop/model/
[2026-05-09 19:17:46] (ERROR @ /var/www/html/core/vendor/xpdo/xpdo/src/xPDO/xPDO.php : 473) Path specified for package shop is not a valid or accessible directory: /var/www/html/core/components/shop/model/
[2026-05-09 19:17:46] (ERROR @ /var/www/html/core/vendor/xpdo/xpdo/src/xPDO/xPDO.php : 473) Path specified for package Category is not a valid or accessible directory: /var/www/html/core/components/Category/model/
[2026-05-09 19:17:46] (ERROR @ /var/www/html/core/vendor/xpdo/xpdo/src/xPDO/xPDO.php : 473) Path specified for package shop is not a valid or accessible directory: /var/www/html/core/components/shop/model/
[2026-05-09 19:17:47] (ERROR @ /var/www/html/core/vendor/xpdo/xpdo/src/xPDO/xPDO.php : 473) Path specified for package Category is not a valid or accessible directory: /var/www/html/core/components/Category/model/
[2026-05-09 19:17:47] (ERROR @ /var/www/html/core/vendor/xpdo/xpdo/src/xPDO/xPDO.php : 473) Path specified for package shop is not a valid or accessible directory: /var/www/html/core/components/shop/model/
[2026-05-09 19:17:49] (ERROR @ /var/www/html/core/vendor/xpdo/xpdo/src/xPDO/xPDO.php : 473) Path specified for package Category is not a valid or accessible directory: /var/www/html/core/components/Category/model/
[2026-05-09 19:17:49] (ERROR @ /var/www/html/core/vendor/xpdo/xpdo/src/xPDO/xPDO.php : 473) Path specified for package shop is not a valid or accessible directory: /var/www/html/core/components/shop/model/
[2026-05-09 19:17:53] (ERROR @ /var/www/html/core/vendor/xpdo/xpdo/src/xPDO/xPDO.php : 473) Path specified for package Category is not a valid or accessible directory: /var/www/html/core/components/Category/model/
[2026-05-09 19:17:53] (ERROR @ /var/www/html/core/vendor/xpdo/xpdo/src/xPDO/xPDO.php : 473) Path specified for package shop is not a valid or accessible directory: /var/www/html/core/components/shop/model/
[2026-05-09 19:18:01] (ERROR @ /var/www/html/core/vendor/xpdo/xpdo/src/xPDO/xPDO.php : 473) Path specified for package Category is not a valid or accessible directory: /var/www/html/core/components/Category/model/
[2026-05-09 19:18:01] (ERROR @ /var/www/html/core/vendor/xpdo/xpdo/src/xPDO/xPDO.php : 473) Path specified for package Category is not a valid or accessible directory: /var/www/html/core/components/Category/model/
[2026-05-09 19:18:01] (ERROR @ /var/www/html/core/vendor/xpdo/xpdo/src/xPDO/xPDO.php : 473) Path specified for package shop is not a valid or accessible directory: /var/www/html/core/components/shop/model/
[2026-05-09 19:18:01] (ERROR @ /var/www/html/core/vendor/xpdo/xpdo/src/xPDO/xPDO.php : 473) Path specified for package shop is not a valid or accessible directory: /var/www/html/core/components/shop/model/
[2026-05-09 19:18:02] (ERROR @ /var/www/html/core/vendor/xpdo/xpdo/src/xPDO/xPDO.php : 473) Path specified for package Category is not a valid or accessible directory: /var/www/html/core/components/Category/model/
[2026-05-09 19:18:02] (ERROR @ /var/www/html/core/vendor/xpdo/xpdo/src/xPDO/xPDO.php : 473) Path specified for package shop is not a valid or accessible directory: /var/www/html/core/components/shop/model/
[2026-05-09 19:18:03] (ERROR @ /var/www/html/core/vendor/xpdo/xpdo/src/xPDO/xPDO.php : 473) Path specified for package Category is not a valid or accessible directory: /var/www/html/core/components/Category/model/
[2026-05-09 19:18:03] (ERROR @ /var/www/html/core/vendor/xpdo/xpdo/src/xPDO/xPDO.php : 473) Path specified for package shop is not a valid or accessible directory: /var/www/html/core/components/shop/model/
[2026-05-09 19:18:05] (ERROR @ /var/www/html/core/vendor/xpdo/xpdo/src/xPDO/xPDO.php : 473) Path specified for package Category is not a valid or accessible directory: /var/www/html/core/components/Category/model/
[2026-05-09 19:18:05] (ERROR @ /var/www/html/core/vendor/xpdo/xpdo/src/xPDO/xPDO.php : 473) Path specified for package Category is not a valid or accessible directory: /var/www/html/core/components/Category/model/
[2026-05-09 19:18:05] (ERROR @ /var/www/html/core/vendor/xpdo/xpdo/src/xPDO/xPDO.php : 473) Path specified for package shop is not a valid or accessible directory: /var/www/html/core/components/shop/model/
[2026-05-09 19:18:05] (ERROR @ /var/www/html/core/vendor/xpdo/xpdo/src/xPDO/xPDO.php : 473) Path specified for package shop is not a valid or accessible directory: /var/www/html/core/components/shop/model/
[2026-05-09 19:18:11] (ERROR @ /var/www/html/core/vendor/xpdo/xpdo/src/xPDO/xPDO.php : 473) Path specified for package Category is not a valid or accessible directory: /var/www/html/core/components/Category/model/
[2026-05-09 19:18:11] (ERROR @ /var/www/html/core/vendor/xpdo/xpdo/src/xPDO/xPDO.php : 473) Path specified for package shop is not a valid or accessible directory: /var/www/html/core/components/shop/model/
[2026-05-09 19:18:21] (ERROR @ /var/www/html/core/vendor/xpdo/xpdo/src/xPDO/xPDO.php : 473) Path specified for package Category is not a valid or accessible directory: /var/www/html/core/components/Category/model/
[2026-05-09 19:18:21] (ERROR @ /var/www/html/core/vendor/xpdo/xpdo/src/xPDO/xPDO.php : 473) Path specified for package Category is not a valid or accessible directory: /var/www/html/core/components/Category/model/
[2026-05-09 19:18:21] (ERROR @ /var/www/html/core/vendor/xpdo/xpdo/src/xPDO/xPDO.php : 473) Path specified for package shop is not a valid or accessible directory: /var/www/html/core/components/shop/model/
[2026-05-09 19:18:21] (ERROR @ /var/www/html/core/vendor/xpdo/xpdo/src/xPDO/xPDO.php : 473) Path specified for package shop is not a valid or accessible directory: /var/www/html/core/components/shop/model/
[2026-05-09 19:18:23] (ERROR @ /var/www/html/core/vendor/xpdo/xpdo/src/xPDO/xPDO.php : 473) Path specified for package Category is not a valid or accessible directory: /var/www/html/core/components/Category/model/
[2026-05-09 19:18:23] (ERROR @ /var/www/html/core/vendor/xpdo/xpdo/src/xPDO/xPDO.php : 473) Path specified for package Category is not a valid or accessible directory: /var/www/html/core/components/Category/model/
[2026-05-09 19:18:23] (ERROR @ /var/www/html/core/vendor/xpdo/xpdo/src/xPDO/xPDO.php : 473) Path specified for package shop is not a valid or accessible directory: /var/www/html/core/components/shop/model/
[2026-05-09 19:18:23] (ERROR @ /var/www/html/core/vendor/xpdo/xpdo/src/xPDO/xPDO.php : 473) Path specified for package shop is not a valid or accessible directory: /var/www/html/core/components/shop/model/
[2026-05-09 19:18:23] (ERROR @ /var/www/html/core/vendor/xpdo/xpdo/src/xPDO/xPDO.php : 473) Path specified for package Category is not a valid or accessible directory: /var/www/html/core/components/Category/model/
[2026-05-09 19:18:23] (ERROR @ /var/www/html/core/vendor/xpdo/xpdo/src/xPDO/xPDO.php : 473) Path specified for package shop is not a valid or accessible directory: /var/www/html/core/components/shop/model/
[2026-05-09 19:18:23] (ERROR @ /var/www/html/core/vendor/xpdo/xpdo/src/xPDO/xPDO.php : 473) Path specified for package Category is not a valid or accessible directory: /var/www/html/core/components/Category/model/
[2026-05-09 19:18:23] (ERROR @ /var/www/html/core/vendor/xpdo/xpdo/src/xPDO/xPDO.php : 473) Path specified for package shop is not a valid or accessible directory: /var/www/html/core/components/shop/model/
[2026-05-09 19:18:23] (ERROR @ /var/www/html/core/vendor/xpdo/xpdo/src/xPDO/xPDO.php : 473) Path specified for package Category is not a valid or accessible directory: /var/www/html/core/components/Category/model/
[2026-05-09 19:18:23] (ERROR @ /var/www/html/core/vendor/xpdo/xpdo/src/xPDO/xPDO.php : 473) Path specified for package shop is not a valid or accessible directory: /var/www/html/core/components/shop/model/
[2026-05-09 19:18:23] (ERROR @ /var/www/html/core/vendor/xpdo/xpdo/src/xPDO/xPDO.php : 473) Path specified for package Category is not a valid or accessible directory: /var/www/html/core/components/Category/model/
[2026-05-09 19:18:23] (ERROR @ /var/www/html/core/vendor/xpdo/xpdo/src/xPDO/xPDO.php : 473) Path specified for package shop is not a valid or accessible directory: /var/www/html/core/components/shop/model/
[2026-05-09 19:18:24] (ERROR @ /var/www/html/core/vendor/xpdo/xpdo/src/xPDO/xPDO.php : 473) Path specified for package Category is not a valid or accessible directory: /var/www/html/core/components/Category/model/
[2026-05-09 19:18:24] (ERROR @ /var/www/html/core/vendor/xpdo/xpdo/src/xPDO/xPDO.php : 473) Path specified for package shop is not a valid or accessible directory: /var/www/html/core/components/shop/model/
[2026-05-09 19:18:24] (ERROR @ /var/www/html/core/vendor/xpdo/xpdo/src/xPDO/xPDO.php : 473) Path specified for package Category is not a valid or accessible directory: /var/www/html/core/components/Category/model/
[2026-05-09 19:18:24] (ERROR @ /var/www/html/core/vendor/xpdo/xpdo/src/xPDO/xPDO.php : 473) Path specified for package Category is not a valid or accessible directory: /var/www/html/core/components/Category/model/
[2026-05-09 19:18:24] (ERROR @ /var/www/html/core/vendor/xpdo/xpdo/src/xPDO/xPDO.php : 473) Path specified for package shop is not a valid or accessible directory: /var/www/html/core/components/shop/model/
[2026-05-09 19:18:24] (ERROR @ /var/www/html/core/vendor/xpdo/xpdo/src/xPDO/xPDO.php : 473) Path specified for package shop is not a valid or accessible directory: /var/www/html/core/components/shop/model/
[2026-05-09 19:18:27] (ERROR @ /var/www/html/core/vendor/xpdo/xpdo/src/xPDO/xPDO.php : 473) Path specified for package Category is not a valid or accessible directory: /var/www/html/core/components/Category/model/
[2026-05-09 19:18:27] (ERROR @ /var/www/html/core/vendor/xpdo/xpdo/src/xPDO/xPDO.php : 473) Path specified for package shop is not a valid or accessible directory: /var/www/html/core/components/shop/model/
[2026-05-09 19:18:29] (ERROR @ /var/www/html/core/vendor/xpdo/xpdo/src/xPDO/xPDO.php : 473) Path specified for package Category is not a valid or accessible directory: /var/www/html/core/components/Category/model/
[2026-05-09 19:18:29] (ERROR @ /var/www/html/core/vendor/xpdo/xpdo/src/xPDO/xPDO.php : 473) Path specified for package shop is not a valid or accessible directory: /var/www/html/core/components/shop/model/
[2026-05-09 19:18:33] (ERROR @ /var/www/html/core/vendor/xpdo/xpdo/src/xPDO/xPDO.php : 473) Path specified for package Category is not a valid or accessible directory: /var/www/html/core/components/Category/model/
[2026-05-09 19:18:33] (ERROR @ /var/www/html/core/vendor/xpdo/xpdo/src/xPDO/xPDO.php : 473) Path specified for package shop is not a valid or accessible directory: /var/www/html/core/components/shop/model/
[2026-05-09 19:18:33] (ERROR @ /var/www/html/core/vendor/xpdo/xpdo/src/xPDO/xPDO.php : 473) Path specified for package Category is not a valid or accessible directory: /var/www/html/core/components/Category/model/
[2026-05-09 19:18:33] (ERROR @ /var/www/html/core/vendor/xpdo/xpdo/src/xPDO/xPDO.php : 473) Path specified for package shop is not a valid or accessible directory: /var/www/html/core/components/shop/model/
[2026-05-09 19:18:34] (ERROR @ /var/www/html/core/vendor/xpdo/xpdo/src/xPDO/xPDO.php : 473) Path specified for package Category is not a valid or accessible directory: /var/www/html/core/components/Category/model/
[2026-05-09 19:18:34] (ERROR @ /var/www/html/core/vendor/xpdo/xpdo/src/xPDO/xPDO.php : 473) Path specified for package shop is not a valid or accessible directory: /var/www/html/core/components/shop/model/
[2026-05-09 19:18:35] (ERROR @ /var/www/html/core/vendor/xpdo/xpdo/src/xPDO/xPDO.php : 473) Path specified for package Category is not a valid or accessible directory: /var/www/html/core/components/Category/model/
[2026-05-09 19:18:35] (ERROR @ /var/www/html/core/vendor/xpdo/xpdo/src/xPDO/xPDO.php : 473) Path specified for package shop is not a valid or accessible directory: /var/www/html/core/components/shop/model/
[2026-05-09 19:18:37] (ERROR @ /var/www/html/core/vendor/xpdo/xpdo/src/xPDO/xPDO.php : 473) Path specified for package Category is not a valid or accessible directory: /var/www/html/core/components/Category/model/
[2026-05-09 19:18:37] (ERROR @ /var/www/html/core/vendor/xpdo/xpdo/src/xPDO/xPDO.php : 473) Path specified for package shop is not a valid or accessible directory: /var/www/html/core/components/shop/model/
[2026-05-09 19:18:37] (ERROR @ /var/www/html/core/vendor/xpdo/xpdo/src/xPDO/xPDO.php : 473) Path specified for package Category is not a valid or accessible directory: /var/www/html/core/components/Category/model/
[2026-05-09 19:18:37] (ERROR @ /var/www/html/core/vendor/xpdo/xpdo/src/xPDO/xPDO.php : 473) Path specified for package shop is not a valid or accessible directory: /var/www/html/core/components/shop/model/
[2026-05-09 19:18:38] (ERROR @ /var/www/html/core/vendor/xpdo/xpdo/src/xPDO/xPDO.php : 473) Path specified for package Category is not a valid or accessible directory: /var/www/html/core/components/Category/model/
[2026-05-09 19:18:38] (ERROR @ /var/www/html/core/vendor/xpdo/xpdo/src/xPDO/xPDO.php : 473) Path specified for package shop is not a valid or accessible directory: /var/www/html/core/components/shop/model/
[2026-05-09 19:18:41] (ERROR @ /var/www/html/core/vendor/xpdo/xpdo/src/xPDO/xPDO.php : 473) Path specified for package Category is not a valid or accessible directory: /var/www/html/core/components/Category/model/
[2026-05-09 19:18:41] (ERROR @ /var/www/html/core/vendor/xpdo/xpdo/src/xPDO/xPDO.php : 473) Path specified for package shop is not a valid or accessible directory: /var/www/html/core/components/shop/model/
[2026-05-09 19:18:44] (ERROR @ /var/www/html/core/vendor/xpdo/xpdo/src/xPDO/xPDO.php : 473) Path specified for package Category is not a valid or accessible directory: /var/www/html/core/components/Category/model/
[2026-05-09 19:18:44] (ERROR @ /var/www/html/core/vendor/xpdo/xpdo/src/xPDO/xPDO.php : 473) Path specified for package Category is not a valid or accessible directory: /var/www/html/core/components/Category/model/
[2026-05-09 19:18:44] (ERROR @ /var/www/html/core/vendor/xpdo/xpdo/src/xPDO/xPDO.php : 473) Path specified for package shop is not a valid or accessible directory: /var/www/html/core/components/shop/model/
[2026-05-09 19:18:44] (ERROR @ /var/www/html/core/vendor/xpdo/xpdo/src/xPDO/xPDO.php : 473) Path specified for package shop is not a valid or accessible directory: /var/www/html/core/components/shop/model/
[2026-05-09 19:18:45] (ERROR @ /var/www/html/core/vendor/xpdo/xpdo/src/xPDO/xPDO.php : 473) Path specified for package Category is not a valid or accessible directory: /var/www/html/core/components/Category/model/
[2026-05-09 19:18:45] (ERROR @ /var/www/html/core/vendor/xpdo/xpdo/src/xPDO/xPDO.php : 473) Path specified for package Category is not a valid or accessible directory: /var/www/html/core/components/Category/model/
[2026-05-09 19:18:45] (ERROR @ /var/www/html/core/vendor/xpdo/xpdo/src/xPDO/xPDO.php : 473) Path specified for package Category is not a valid or accessible directory: /var/www/html/core/components/Category/model/
[2026-05-09 19:18:45] (ERROR @ /var/www/html/core/vendor/xpdo/xpdo/src/xPDO/xPDO.php : 473) Path specified for package shop is not a valid or accessible directory: /var/www/html/core/components/shop/model/
[2026-05-09 19:18:45] (ERROR @ /var/www/html/core/vendor/xpdo/xpdo/src/xPDO/xPDO.php : 473) Path specified for package shop is not a valid or accessible directory: /var/www/html/core/components/shop/model/
[2026-05-09 19:18:45] (ERROR @ /var/www/html/core/vendor/xpdo/xpdo/src/xPDO/xPDO.php : 473) Path specified for package shop is not a valid or accessible directory: /var/www/html/core/components/shop/model/
[2026-05-09 19:18:46] (ERROR @ /var/www/html/core/vendor/xpdo/xpdo/src/xPDO/xPDO.php : 473) Path specified for package Category is not a valid or accessible directory: /var/www/html/core/components/Category/model/
[2026-05-09 19:18:46] (ERROR @ /var/www/html/core/vendor/xpdo/xpdo/src/xPDO/xPDO.php : 473) Path specified for package shop is not a valid or accessible directory: /var/www/html/core/components/shop/model/
[2026-05-09 19:18:46] (ERROR @ /var/www/html/core/vendor/xpdo/xpdo/src/xPDO/xPDO.php : 473) Path specified for package Category is not a valid or accessible directory: /var/www/html/core/components/Category/model/
[2026-05-09 19:18:46] (ERROR @ /var/www/html/core/vendor/xpdo/xpdo/src/xPDO/xPDO.php : 473) Path specified for package shop is not a valid or accessible directory: /var/www/html/core/components/shop/model/
[2026-05-09 19:18:46] (ERROR @ /var/www/html/core/vendor/xpdo/xpdo/src/xPDO/xPDO.php : 473) Path specified for package Category is not a valid or accessible directory: /var/www/html/core/components/Category/model/
[2026-05-09 19:18:46] (ERROR @ /var/www/html/core/vendor/xpdo/xpdo/src/xPDO/xPDO.php : 473) Path specified for package shop is not a valid or accessible directory: /var/www/html/core/components/shop/model/
[2026-05-09 19:18:46] (ERROR @ /var/www/html/core/vendor/xpdo/xpdo/src/xPDO/xPDO.php : 473) Path specified for package Category is not a valid or accessible directory: /var/www/html/core/components/Category/model/
[2026-05-09 19:18:46] (ERROR @ /var/www/html/core/vendor/xpdo/xpdo/src/xPDO/xPDO.php : 473) Path specified for package shop is not a valid or accessible directory: /var/www/html/core/components/shop/model/
[2026-05-09 19:18:47] (ERROR @ /var/www/html/core/vendor/xpdo/xpdo/src/xPDO/xPDO.php : 473) Path specified for package Category is not a valid or accessible directory: /var/www/html/core/components/Category/model/
[2026-05-09 19:18:47] (ERROR @ /var/www/html/core/vendor/xpdo/xpdo/src/xPDO/xPDO.php : 473) Path specified for package shop is not a valid or accessible directory: /var/www/html/core/components/shop/model/
[2026-05-09 19:18:47] (ERROR @ /var/www/html/core/vendor/xpdo/xpdo/src/xPDO/xPDO.php : 473) Path specified for package Category is not a valid or accessible directory: /var/www/html/core/components/Category/model/
[2026-05-09 19:18:47] (ERROR @ /var/www/html/core/vendor/xpdo/xpdo/src/xPDO/xPDO.php : 473) Path specified for package shop is not a valid or accessible directory: /var/www/html/core/components/shop/model/
[2026-05-09 19:18:49] (ERROR @ /var/www/html/core/vendor/xpdo/xpdo/src/xPDO/xPDO.php : 473) Path specified for package Category is not a valid or accessible directory: /var/www/html/core/components/Category/model/
[2026-05-09 19:18:49] (ERROR @ /var/www/html/core/vendor/xpdo/xpdo/src/xPDO/xPDO.php : 473) Path specified for package shop is not a valid or accessible directory: /var/www/html/core/components/shop/model/
[2026-05-09 19:18:51] (ERROR @ /var/www/html/core/vendor/xpdo/xpdo/src/xPDO/xPDO.php : 473) Path specified for package Category is not a valid or accessible directory: /var/www/html/core/components/Category/model/
[2026-05-09 19:18:51] (ERROR @ /var/www/html/core/vendor/xpdo/xpdo/src/xPDO/xPDO.php : 473) Path specified for package shop is not a valid or accessible directory: /var/www/html/core/components/shop/model/
[2026-05-09 19:18:54] (ERROR @ /var/www/html/core/vendor/xpdo/xpdo/src/xPDO/xPDO.php : 473) Path specified for package Category is not a valid or accessible directory: /var/www/html/core/components/Category/model/
[2026-05-09 19:18:54] (ERROR @ /var/www/html/core/vendor/xpdo/xpdo/src/xPDO/xPDO.php : 473) Path specified for package Category is not a valid or accessible directory: /var/www/html/core/components/Category/model/
[2026-05-09 19:18:54] (ERROR @ /var/www/html/core/vendor/xpdo/xpdo/src/xPDO/xPDO.php : 473) Path specified for package shop is not a valid or accessible directory: /var/www/html/core/components/shop/model/
[2026-05-09 19:18:54] (ERROR @ /var/www/html/core/vendor/xpdo/xpdo/src/xPDO/xPDO.php : 473) Path specified for package shop is not a valid or accessible directory: /var/www/html/core/components/shop/model/
[2026-05-09 19:18:55] (ERROR @ /var/www/html/core/vendor/xpdo/xpdo/src/xPDO/xPDO.php : 473) Path specified for package Category is not a valid or accessible directory: /var/www/html/core/components/Category/model/
[2026-05-09 19:18:55] (ERROR @ /var/www/html/core/vendor/xpdo/xpdo/src/xPDO/xPDO.php : 473) Path specified for package shop is not a valid or accessible directory: /var/www/html/core/components/shop/model/
[2026-05-09 19:18:56] (ERROR @ /var/www/html/core/vendor/xpdo/xpdo/src/xPDO/xPDO.php : 473) Path specified for package Category is not a valid or accessible directory: /var/www/html/core/components/Category/model/
[2026-05-09 19:18:56] (ERROR @ /var/www/html/core/vendor/xpdo/xpdo/src/xPDO/xPDO.php : 473) Path specified for package shop is not a valid or accessible directory: /var/www/html/core/components/shop/model/
[2026-05-09 19:18:58] (ERROR @ /var/www/html/core/vendor/xpdo/xpdo/src/xPDO/xPDO.php : 473) Path specified for package Category is not a valid or accessible directory: /var/www/html/core/components/Category/model/
[2026-05-09 19:18:58] (ERROR @ /var/www/html/core/vendor/xpdo/xpdo/src/xPDO/xPDO.php : 473) Path specified for package Category is not a valid or accessible directory: /var/www/html/core/components/Category/model/
[2026-05-09 19:18:58] (ERROR @ /var/www/html/core/vendor/xpdo/xpdo/src/xPDO/xPDO.php : 473) Path specified for package Category is not a valid or accessible directory: /var/www/html/core/components/Category/model/
[2026-05-09 19:18:58] (ERROR @ /var/www/html/core/vendor/xpdo/xpdo/src/xPDO/xPDO.php : 473) Path specified for package shop is not a valid or accessible directory: /var/www/html/core/components/shop/model/
[2026-05-09 19:18:58] (ERROR @ /var/www/html/core/vendor/xpdo/xpdo/src/xPDO/xPDO.php : 473) Path specified for package shop is not a valid or accessible directory: /var/www/html/core/components/shop/model/
[2026-05-09 19:18:58] (ERROR @ /var/www/html/core/vendor/xpdo/xpdo/src/xPDO/xPDO.php : 473) Path specified for package shop is not a valid or accessible directory: /var/www/html/core/components/shop/model/
[2026-05-09 19:18:59] (ERROR @ /var/www/html/core/vendor/xpdo/xpdo/src/xPDO/xPDO.php : 473) Path specified for package Category is not a valid or accessible directory: /var/www/html/core/components/Category/model/
[2026-05-09 19:18:59] (ERROR @ /var/www/html/core/vendor/xpdo/xpdo/src/xPDO/xPDO.php : 473) Path specified for package shop is not a valid or accessible directory: /var/www/html/core/components/shop/model/
[2026-05-09 19:19:04] (ERROR @ /var/www/html/core/vendor/xpdo/xpdo/src/xPDO/xPDO.php : 473) Path specified for package Category is not a valid or accessible directory: /var/www/html/core/components/Category/model/
[2026-05-09 19:19:04] (ERROR @ /var/www/html/core/vendor/xpdo/xpdo/src/xPDO/xPDO.php : 473) Path specified for package shop is not a valid or accessible directory: /var/www/html/core/components/shop/model/
[2026-05-09 19:19:12] (ERROR @ /var/www/html/core/vendor/xpdo/xpdo/src/xPDO/xPDO.php : 473) Path specified for package Category is not a valid or accessible directory: /var/www/html/core/components/Category/model/
[2026-05-09 19:19:12] (ERROR @ /var/www/html/core/vendor/xpdo/xpdo/src/xPDO/xPDO.php : 473) Path specified for package Category is not a valid or accessible directory: /var/www/html/core/components/Category/model/
[2026-05-09 19:19:12] (ERROR @ /var/www/html/core/vendor/xpdo/xpdo/src/xPDO/xPDO.php : 473) Path specified for package shop is not a valid or accessible directory: /var/www/html/core/components/shop/model/
[2026-05-09 19:19:12] (ERROR @ /var/www/html/core/vendor/xpdo/xpdo/src/xPDO/xPDO.php : 473) Path specified for package shop is not a valid or accessible directory: /var/www/html/core/components/shop/model/
[2026-05-09 19:19:13] (ERROR @ /var/www/html/core/vendor/xpdo/xpdo/src/xPDO/xPDO.php : 473) Path specified for package Category is not a valid or accessible directory: /var/www/html/core/components/Category/model/
[2026-05-09 19:19:13] (ERROR @ /var/www/html/core/vendor/xpdo/xpdo/src/xPDO/xPDO.php : 473) Path specified for package Category is not a valid or accessible directory: /var/www/html/core/components/Category/model/
[2026-05-09 19:19:13] (ERROR @ /var/www/html/core/vendor/xpdo/xpdo/src/xPDO/xPDO.php : 473) Path specified for package Category is not a valid or accessible directory: /var/www/html/core/components/Category/model/
[2026-05-09 19:19:13] (ERROR @ /var/www/html/core/vendor/xpdo/xpdo/src/xPDO/xPDO.php : 473) Path specified for package shop is not a valid or accessible directory: /var/www/html/core/components/shop/model/
[2026-05-09 19:19:13] (ERROR @ /var/www/html/core/vendor/xpdo/xpdo/src/xPDO/xPDO.php : 473) Path specified for package shop is not a valid or accessible directory: /var/www/html/core/components/shop/model/
[2026-05-09 19:19:13] (ERROR @ /var/www/html/core/vendor/xpdo/xpdo/src/xPDO/xPDO.php : 473) Path specified for package shop is not a valid or accessible directory: /var/www/html/core/components/shop/model/
[2026-05-09 19:19:13] (ERROR @ /var/www/html/core/vendor/xpdo/xpdo/src/xPDO/xPDO.php : 473) Path specified for package Category is not a valid or accessible directory: /var/www/html/core/components/Category/model/
[2026-05-09 19:19:13] (ERROR @ /var/www/html/core/vendor/xpdo/xpdo/src/xPDO/xPDO.php : 473) Path specified for package shop is not a valid or accessible directory: /var/www/html/core/components/shop/model/
[2026-05-09 19:19:14] (ERROR @ /var/www/html/core/vendor/xpdo/xpdo/src/xPDO/xPDO.php : 473) Path specified for package Category is not a valid or accessible directory: /var/www/html/core/components/Category/model/
[2026-05-09 19:19:14] (ERROR @ /var/www/html/core/vendor/xpdo/xpdo/src/xPDO/xPDO.php : 473) Path specified for package Category is not a valid or accessible directory: /var/www/html/core/components/Category/model/
[2026-05-09 19:19:14] (ERROR @ /var/www/html/core/vendor/xpdo/xpdo/src/xPDO/xPDO.php : 473) Path specified for package shop is not a valid or accessible directory: /var/www/html/core/components/shop/model/
[2026-05-09 19:19:14] (ERROR @ /var/www/html/core/vendor/xpdo/xpdo/src/xPDO/xPDO.php : 473) Path specified for package shop is not a valid or accessible directory: /var/www/html/core/components/shop/model/
[2026-05-09 19:19:14] (ERROR @ /var/www/html/core/vendor/xpdo/xpdo/src/xPDO/xPDO.php : 473) Path specified for package Category is not a valid or accessible directory: /var/www/html/core/components/Category/model/
[2026-05-09 19:19:14] (ERROR @ /var/www/html/core/vendor/xpdo/xpdo/src/xPDO/xPDO.php : 473) Path specified for package shop is not a valid or accessible directory: /var/www/html/core/components/shop/model/
[2026-05-09 19:19:14] (ERROR @ /var/www/html/core/vendor/xpdo/xpdo/src/xPDO/xPDO.php : 473) Path specified for package Category is not a valid or accessible directory: /var/www/html/core/components/Category/model/
[2026-05-09 19:19:14] (ERROR @ /var/www/html/core/vendor/xpdo/xpdo/src/xPDO/xPDO.php : 473) Path specified for package shop is not a valid or accessible directory: /var/www/html/core/components/shop/model/
[2026-05-09 19:19:17] (ERROR @ /var/www/html/core/vendor/xpdo/xpdo/src/xPDO/xPDO.php : 473) Path specified for package Category is not a valid or accessible directory: /var/www/html/core/components/Category/model/
[2026-05-09 19:19:17] (ERROR @ /var/www/html/core/vendor/xpdo/xpdo/src/xPDO/xPDO.php : 473) Path specified for package shop is not a valid or accessible directory: /var/www/html/core/components/shop/model/
[2026-05-09 19:19:27] (ERROR @ /var/www/html/core/vendor/xpdo/xpdo/src/xPDO/xPDO.php : 473) Path specified for package Category is not a valid or accessible directory: /var/www/html/core/components/Category/model/
[2026-05-09 19:19:27] (ERROR @ /var/www/html/core/vendor/xpdo/xpdo/src/xPDO/xPDO.php : 473) Path specified for package shop is not a valid or accessible directory: /var/www/html/core/components/shop/model/
[2026-05-09 19:19:30] (ERROR @ /var/www/html/core/vendor/xpdo/xpdo/src/xPDO/xPDO.php : 473) Path specified for package Category is not a valid or accessible directory: /var/www/html/core/components/Category/model/
[2026-05-09 19:19:30] (ERROR @ /var/www/html/core/vendor/xpdo/xpdo/src/xPDO/xPDO.php : 473) Path specified for package Category is not a valid or accessible directory: /var/www/html/core/components/Category/model/
[2026-05-09 19:19:30] (ERROR @ /var/www/html/core/vendor/xpdo/xpdo/src/xPDO/xPDO.php : 473) Path specified for package shop is not a valid or accessible directory: /var/www/html/core/components/shop/model/
[2026-05-09 19:19:30] (ERROR @ /var/www/html/core/vendor/xpdo/xpdo/src/xPDO/xPDO.php : 473) Path specified for package shop is not a valid or accessible directory: /var/www/html/core/components/shop/model/
[2026-05-09 19:19:31] (ERROR @ /var/www/html/core/vendor/xpdo/xpdo/src/xPDO/xPDO.php : 473) Path specified for package Category is not a valid or accessible directory: /var/www/html/core/components/Category/model/
[2026-05-09 19:19:31] (ERROR @ /var/www/html/core/vendor/xpdo/xpdo/src/xPDO/xPDO.php : 473) Path specified for package shop is not a valid or accessible directory: /var/www/html/core/components/shop/model/
[2026-05-09 19:19:32] (ERROR @ /var/www/html/core/vendor/xpdo/xpdo/src/xPDO/xPDO.php : 473) Path specified for package Category is not a valid or accessible directory: /var/www/html/core/components/Category/model/
[2026-05-09 19:19:32] (ERROR @ /var/www/html/core/vendor/xpdo/xpdo/src/xPDO/xPDO.php : 473) Path specified for package shop is not a valid or accessible directory: /var/www/html/core/components/shop/model/
[2026-05-09 19:19:34] (ERROR @ /var/www/html/core/vendor/xpdo/xpdo/src/xPDO/xPDO.php : 473) Path specified for package Category is not a valid or accessible directory: /var/www/html/core/components/Category/model/
[2026-05-09 19:19:34] (ERROR @ /var/www/html/core/vendor/xpdo/xpdo/src/xPDO/xPDO.php : 473) Path specified for package shop is not a valid or accessible directory: /var/www/html/core/components/shop/model/
[2026-05-09 19:19:34] (ERROR @ /var/www/html/core/vendor/xpdo/xpdo/src/xPDO/xPDO.php : 473) Path specified for package Category is not a valid or accessible directory: /var/www/html/core/components/Category/model/
[2026-05-09 19:19:34] (ERROR @ /var/www/html/core/vendor/xpdo/xpdo/src/xPDO/xPDO.php : 473) Path specified for package shop is not a valid or accessible directory: /var/www/html/core/components/shop/model/
[2026-05-09 19:19:35] (ERROR @ /var/www/html/core/vendor/xpdo/xpdo/src/xPDO/xPDO.php : 473) Path specified for package Category is not a valid or accessible directory: /var/www/html/core/components/Category/model/
[2026-05-09 19:19:35] (ERROR @ /var/www/html/core/vendor/xpdo/xpdo/src/xPDO/xPDO.php : 473) Path specified for package shop is not a valid or accessible directory: /var/www/html/core/components/shop/model/
[2026-05-09 19:19:36] (ERROR @ /var/www/html/core/vendor/xpdo/xpdo/src/xPDO/xPDO.php : 473) Path specified for package Category is not a valid or accessible directory: /var/www/html/core/components/Category/model/
[2026-05-09 19:19:36] (ERROR @ /var/www/html/core/vendor/xpdo/xpdo/src/xPDO/xPDO.php : 473) Path specified for package shop is not a valid or accessible directory: /var/www/html/core/components/shop/model/
[2026-05-09 19:19:37] (ERROR @ /var/www/html/core/vendor/xpdo/xpdo/src/xPDO/xPDO.php : 473) Path specified for package Category is not a valid or accessible directory: /var/www/html/core/components/Category/model/
[2026-05-09 19:19:37] (ERROR @ /var/www/html/core/vendor/xpdo/xpdo/src/xPDO/xPDO.php : 473) Path specified for package shop is not a valid or accessible directory: /var/www/html/core/components/shop/model/
[2026-05-09 19:19:38] (ERROR @ /var/www/html/core/vendor/xpdo/xpdo/src/xPDO/xPDO.php : 473) Path specified for package Category is not a valid or accessible directory: /var/www/html/core/components/Category/model/
[2026-05-09 19:19:38] (ERROR @ /var/www/html/core/vendor/xpdo/xpdo/src/xPDO/xPDO.php : 473) Path specified for package shop is not a valid or accessible directory: /var/www/html/core/components/shop/model/
[2026-05-09 19:19:39] (ERROR @ /var/www/html/core/vendor/xpdo/xpdo/src/xPDO/xPDO.php : 473) Path specified for package Category is not a valid or accessible directory: /var/www/html/core/components/Category/model/
[2026-05-09 19:19:39] (ERROR @ /var/www/html/core/vendor/xpdo/xpdo/src/xPDO/xPDO.php : 473) Path specified for package shop is not a valid or accessible directory: /var/www/html/core/components/shop/model/
[2026-05-09 19:19:40] (ERROR @ /var/www/html/core/vendor/xpdo/xpdo/src/xPDO/xPDO.php : 473) Path specified for package Category is not a valid or accessible directory: /var/www/html/core/components/Category/model/
[2026-05-09 19:19:40] (ERROR @ /var/www/html/core/vendor/xpdo/xpdo/src/xPDO/xPDO.php : 473) Path specified for package shop is not a valid or accessible directory: /var/www/html/core/components/shop/model/
[2026-05-09 19:19:41] (ERROR @ /var/www/html/core/vendor/xpdo/xpdo/src/xPDO/xPDO.php : 473) Path specified for package Category is not a valid or accessible directory: /var/www/html/core/components/Category/model/
[2026-05-09 19:19:41] (ERROR @ /var/www/html/core/vendor/xpdo/xpdo/src/xPDO/xPDO.php : 473) Path specified for package shop is not a valid or accessible directory: /var/www/html/core/components/shop/model/
[2026-05-09 19:19:42] (ERROR @ /var/www/html/core/vendor/xpdo/xpdo/src/xPDO/xPDO.php : 473) Path specified for package Category is not a valid or accessible directory: /var/www/html/core/components/Category/model/
[2026-05-09 19:19:42] (ERROR @ /var/www/html/core/vendor/xpdo/xpdo/src/xPDO/xPDO.php : 473) Path specified for package shop is not a valid or accessible directory: /var/www/html/core/components/shop/model/
[2026-05-09 19:19:43] (ERROR @ /var/www/html/core/vendor/xpdo/xpdo/src/xPDO/xPDO.php : 473) Path specified for package Category is not a valid or accessible directory: /var/www/html/core/components/Category/model/
[2026-05-09 19:19:43] (ERROR @ /var/www/html/core/vendor/xpdo/xpdo/src/xPDO/xPDO.php : 473) Path specified for package shop is not a valid or accessible directory: /var/www/html/core/components/shop/model/
[2026-05-09 19:19:44] (ERROR @ /var/www/html/core/vendor/xpdo/xpdo/src/xPDO/xPDO.php : 473) Path specified for package Category is not a valid or accessible directory: /var/www/html/core/components/Category/model/
[2026-05-09 19:19:44] (ERROR @ /var/www/html/core/vendor/xpdo/xpdo/src/xPDO/xPDO.php : 473) Path specified for package shop is not a valid or accessible directory: /var/www/html/core/components/shop/model/
[2026-05-09 19:19:45] (ERROR @ /var/www/html/core/vendor/xpdo/xpdo/src/xPDO/xPDO.php : 473) Path specified for package Category is not a valid or accessible directory: /var/www/html/core/components/Category/model/
[2026-05-09 19:19:45] (ERROR @ /var/www/html/core/vendor/xpdo/xpdo/src/xPDO/xPDO.php : 473) Path specified for package shop is not a valid or accessible directory: /var/www/html/core/components/shop/model/
[2026-05-09 19:19:46] (ERROR @ /var/www/html/core/vendor/xpdo/xpdo/src/xPDO/xPDO.php : 473) Path specified for package Category is not a valid or accessible directory: /var/www/html/core/components/Category/model/
[2026-05-09 19:19:46] (ERROR @ /var/www/html/core/vendor/xpdo/xpdo/src/xPDO/xPDO.php : 473) Path specified for package shop is not a valid or accessible directory: /var/www/html/core/components/shop/model/
[2026-05-09 19:19:47] (ERROR @ /var/www/html/core/vendor/xpdo/xpdo/src/xPDO/xPDO.php : 473) Path specified for package Category is not a valid or accessible directory: /var/www/html/core/components/Category/model/
[2026-05-09 19:19:47] (ERROR @ /var/www/html/core/vendor/xpdo/xpdo/src/xPDO/xPDO.php : 473) Path specified for package shop is not a valid or accessible directory: /var/www/html/core/components/shop/model/
[2026-05-09 19:19:49] (ERROR @ /var/www/html/core/vendor/xpdo/xpdo/src/xPDO/xPDO.php : 473) Path specified for package Category is not a valid or accessible directory: /var/www/html/core/components/Category/model/
[2026-05-09 19:19:49] (ERROR @ /var/www/html/core/vendor/xpdo/xpdo/src/xPDO/xPDO.php : 473) Path specified for package shop is not a valid or accessible directory: /var/www/html/core/components/shop/model/
[2026-05-09 19:21:37] (ERROR @ /var/www/html/core/vendor/xpdo/xpdo/src/xPDO/xPDO.php : 473) Path specified for package Category is not a valid or accessible directory: /var/www/html/core/components/Category/model/
[2026-05-09 19:21:37] (ERROR @ /var/www/html/core/vendor/xpdo/xpdo/src/xPDO/xPDO.php : 473) Path specified for package shop is not a valid or accessible directory: /var/www/html/core/components/shop/model/
[2026-05-09 19:21:49] (ERROR @ /var/www/html/core/vendor/xpdo/xpdo/src/xPDO/xPDO.php : 473) Path specified for package Category is not a valid or accessible directory: /var/www/html/core/components/Category/model/
[2026-05-09 19:21:49] (ERROR @ /var/www/html/core/vendor/xpdo/xpdo/src/xPDO/xPDO.php : 473) Path specified for package Category is not a valid or accessible directory: /var/www/html/core/components/Category/model/
[2026-05-09 19:21:49] (ERROR @ /var/www/html/core/vendor/xpdo/xpdo/src/xPDO/xPDO.php : 473) Path specified for package shop is not a valid or accessible directory: /var/www/html/core/components/shop/model/
[2026-05-09 19:21:49] (ERROR @ /var/www/html/core/vendor/xpdo/xpdo/src/xPDO/xPDO.php : 473) Path specified for package shop is not a valid or accessible directory: /var/www/html/core/components/shop/model/
[2026-05-09 19:21:50] (ERROR @ /var/www/html/core/vendor/xpdo/xpdo/src/xPDO/xPDO.php : 473) Path specified for package Category is not a valid or accessible directory: /var/www/html/core/components/Category/model/
[2026-05-09 19:21:50] (ERROR @ /var/www/html/core/vendor/xpdo/xpdo/src/xPDO/xPDO.php : 473) Path specified for package Category is not a valid or accessible directory: /var/www/html/core/components/Category/model/
[2026-05-09 19:21:50] (ERROR @ /var/www/html/core/vendor/xpdo/xpdo/src/xPDO/xPDO.php : 473) Path specified for package shop is not a valid or accessible directory: /var/www/html/core/components/shop/model/
[2026-05-09 19:21:50] (ERROR @ /var/www/html/core/vendor/xpdo/xpdo/src/xPDO/xPDO.php : 473) Path specified for package shop is not a valid or accessible directory: /var/www/html/core/components/shop/model/
[2026-05-09 19:21:50] (ERROR @ /var/www/html/core/vendor/xpdo/xpdo/src/xPDO/xPDO.php : 473) Path specified for package Category is not a valid or accessible directory: /var/www/html/core/components/Category/model/
[2026-05-09 19:21:50] (ERROR @ /var/www/html/core/vendor/xpdo/xpdo/src/xPDO/xPDO.php : 473) Path specified for package shop is not a valid or accessible directory: /var/www/html/core/components/shop/model/
[2026-05-09 19:21:51] (ERROR @ /var/www/html/core/vendor/xpdo/xpdo/src/xPDO/xPDO.php : 473) Path specified for package Category is not a valid or accessible directory: /var/www/html/core/components/Category/model/
[2026-05-09 19:21:51] (ERROR @ /var/www/html/core/vendor/xpdo/xpdo/src/xPDO/xPDO.php : 473) Path specified for package Category is not a valid or accessible directory: /var/www/html/core/components/Category/model/
[2026-05-09 19:21:51] (ERROR @ /var/www/html/core/vendor/xpdo/xpdo/src/xPDO/xPDO.php : 473) Path specified for package shop is not a valid or accessible directory: /var/www/html/core/components/shop/model/
[2026-05-09 19:21:51] (ERROR @ /var/www/html/core/vendor/xpdo/xpdo/src/xPDO/xPDO.php : 473) Path specified for package shop is not a valid or accessible directory: /var/www/html/core/components/shop/model/
[2026-05-09 19:21:51] (ERROR @ /var/www/html/core/vendor/xpdo/xpdo/src/xPDO/xPDO.php : 473) Path specified for package Category is not a valid or accessible directory: /var/www/html/core/components/Category/model/
[2026-05-09 19:21:51] (ERROR @ /var/www/html/core/vendor/xpdo/xpdo/src/xPDO/xPDO.php : 473) Path specified for package shop is not a valid or accessible directory: /var/www/html/core/components/shop/model/
[2026-05-09 19:21:51] (ERROR @ /var/www/html/core/vendor/xpdo/xpdo/src/xPDO/xPDO.php : 473) Path specified for package Category is not a valid or accessible directory: /var/www/html/core/components/Category/model/
[2026-05-09 19:21:51] (ERROR @ /var/www/html/core/vendor/xpdo/xpdo/src/xPDO/xPDO.php : 473) Path specified for package shop is not a valid or accessible directory: /var/www/html/core/components/shop/model/
[2026-05-09 19:21:52] (ERROR @ /var/www/html/core/vendor/xpdo/xpdo/src/xPDO/xPDO.php : 473) Path specified for package Category is not a valid or accessible directory: /var/www/html/core/components/Category/model/
[2026-05-09 19:21:52] (ERROR @ /var/www/html/core/vendor/xpdo/xpdo/src/xPDO/xPDO.php : 473) Path specified for package shop is not a valid or accessible directory: /var/www/html/core/components/shop/model/
[2026-05-09 19:21:52] (ERROR @ /var/www/html/core/vendor/xpdo/xpdo/src/xPDO/xPDO.php : 473) Path specified for package Category is not a valid or accessible directory: /var/www/html/core/components/Category/model/
[2026-05-09 19:21:52] (ERROR @ /var/www/html/core/vendor/xpdo/xpdo/src/xPDO/xPDO.php : 473) Path specified for package shop is not a valid or accessible directory: /var/www/html/core/components/shop/model/
[2026-05-09 19:21:55] (ERROR @ /var/www/html/core/vendor/xpdo/xpdo/src/xPDO/xPDO.php : 473) Path specified for package Category is not a valid or accessible directory: /var/www/html/core/components/Category/model/
[2026-05-09 19:21:56] (ERROR @ /var/www/html/core/vendor/xpdo/xpdo/src/xPDO/xPDO.php : 473) Path specified for package shop is not a valid or accessible directory: /var/www/html/core/components/shop/model/
[2026-05-09 19:22:40] (ERROR @ /var/www/html/core/vendor/xpdo/xpdo/src/xPDO/xPDO.php : 473) Path specified for package Category is not a valid or accessible directory: /var/www/html/core/components/Category/model/
[2026-05-09 19:22:40] (ERROR @ /var/www/html/core/vendor/xpdo/xpdo/src/xPDO/xPDO.php : 473) Path specified for package shop is not a valid or accessible directory: /var/www/html/core/components/shop/model/
[2026-05-09 19:22:58] (ERROR @ /var/www/html/core/vendor/xpdo/xpdo/src/xPDO/xPDO.php : 473) Path specified for package Category is not a valid or accessible directory: /var/www/html/core/components/Category/model/
[2026-05-09 19:22:58] (ERROR @ /var/www/html/core/vendor/xpdo/xpdo/src/xPDO/xPDO.php : 473) Path specified for package Category is not a valid or accessible directory: /var/www/html/core/components/Category/model/
[2026-05-09 19:22:58] (ERROR @ /var/www/html/core/vendor/xpdo/xpdo/src/xPDO/xPDO.php : 473) Path specified for package shop is not a valid or accessible directory: /var/www/html/core/components/shop/model/
[2026-05-09 19:22:58] (ERROR @ /var/www/html/core/vendor/xpdo/xpdo/src/xPDO/xPDO.php : 473) Path specified for package shop is not a valid or accessible directory: /var/www/html/core/components/shop/model/
[2026-05-09 19:23:01] (ERROR @ /var/www/html/core/vendor/xpdo/xpdo/src/xPDO/xPDO.php : 473) Path specified for package Category is not a valid or accessible directory: /var/www/html/core/components/Category/model/
[2026-05-09 19:23:01] (ERROR @ /var/www/html/core/vendor/xpdo/xpdo/src/xPDO/xPDO.php : 473) Path specified for package shop is not a valid or accessible directory: /var/www/html/core/components/shop/model/
[2026-05-09 19:23:27] (ERROR @ /var/www/html/core/vendor/xpdo/xpdo/src/xPDO/xPDO.php : 473) Path specified for package Category is not a valid or accessible directory: /var/www/html/core/components/Category/model/
[2026-05-09 19:23:27] (ERROR @ /var/www/html/core/vendor/xpdo/xpdo/src/xPDO/xPDO.php : 473) Path specified for package shop is not a valid or accessible directory: /var/www/html/core/components/shop/model/
[2026-05-09 19:24:11] (ERROR @ /var/www/html/core/vendor/xpdo/xpdo/src/xPDO/xPDO.php : 473) Path specified for package Category is not a valid or accessible directory: /var/www/html/core/components/Category/model/
[2026-05-09 19:24:11] (ERROR @ /var/www/html/core/vendor/xpdo/xpdo/src/xPDO/xPDO.php : 473) Path specified for package shop is not a valid or accessible directory: /var/www/html/core/components/shop/model/
[2026-05-09 19:24:32] (ERROR @ /var/www/html/core/vendor/xpdo/xpdo/src/xPDO/xPDO.php : 473) Path specified for package Category is not a valid or accessible directory: /var/www/html/core/components/Category/model/
[2026-05-09 19:24:32] (ERROR @ /var/www/html/core/vendor/xpdo/xpdo/src/xPDO/xPDO.php : 473) Path specified for package shop is not a valid or accessible directory: /var/www/html/core/components/shop/model/
[2026-05-09 19:24:35] (ERROR @ /var/www/html/core/vendor/xpdo/xpdo/src/xPDO/xPDO.php : 473) Path specified for package Category is not a valid or accessible directory: /var/www/html/core/components/Category/model/
[2026-05-09 19:24:36] (ERROR @ /var/www/html/core/vendor/xpdo/xpdo/src/xPDO/xPDO.php : 473) Path specified for package shop is not a valid or accessible directory: /var/www/html/core/components/shop/model/
[2026-05-09 19:24:36] (ERROR @ /var/www/html/core/vendor/xpdo/xpdo/src/xPDO/xPDO.php : 473) Path specified for package Category is not a valid or accessible directory: /var/www/html/core/components/Category/model/
[2026-05-09 19:24:36] (ERROR @ /var/www/html/core/vendor/xpdo/xpdo/src/xPDO/xPDO.php : 473) Path specified for package shop is not a valid or accessible directory: /var/www/html/core/components/shop/model/
[2026-05-09 19:24:37] (ERROR @ /var/www/html/core/vendor/xpdo/xpdo/src/xPDO/xPDO.php : 473) Path specified for package Category is not a valid or accessible directory: /var/www/html/core/components/Category/model/
[2026-05-09 19:24:37] (ERROR @ /var/www/html/core/vendor/xpdo/xpdo/src/xPDO/xPDO.php : 473) Path specified for package Category is not a valid or accessible directory: /var/www/html/core/components/Category/model/
[2026-05-09 19:24:37] (ERROR @ /var/www/html/core/vendor/xpdo/xpdo/src/xPDO/xPDO.php : 473) Path specified for package shop is not a valid or accessible directory: /var/www/html/core/components/shop/model/
[2026-05-09 19:24:37] (ERROR @ /var/www/html/core/vendor/xpdo/xpdo/src/xPDO/xPDO.php : 473) Path specified for package shop is not a valid or accessible directory: /var/www/html/core/components/shop/model/
[2026-05-09 19:24:37] (ERROR @ /var/www/html/core/vendor/xpdo/xpdo/src/xPDO/xPDO.php : 473) Path specified for package Category is not a valid or accessible directory: /var/www/html/core/components/Category/model/
[2026-05-09 19:24:37] (ERROR @ /var/www/html/core/vendor/xpdo/xpdo/src/xPDO/xPDO.php : 473) Path specified for package shop is not a valid or accessible directory: /var/www/html/core/components/shop/model/
[2026-05-09 19:24:38] (ERROR @ /var/www/html/core/vendor/xpdo/xpdo/src/xPDO/xPDO.php : 473) Path specified for package Category is not a valid or accessible directory: /var/www/html/core/components/Category/model/
[2026-05-09 19:24:38] (ERROR @ /var/www/html/core/vendor/xpdo/xpdo/src/xPDO/xPDO.php : 473) Path specified for package shop is not a valid or accessible directory: /var/www/html/core/components/shop/model/
[2026-05-09 19:24:38] (ERROR @ /var/www/html/core/vendor/xpdo/xpdo/src/xPDO/xPDO.php : 473) Path specified for package Category is not a valid or accessible directory: /var/www/html/core/components/Category/model/
[2026-05-09 19:24:38] (ERROR @ /var/www/html/core/vendor/xpdo/xpdo/src/xPDO/xPDO.php : 473) Path specified for package shop is not a valid or accessible directory: /var/www/html/core/components/shop/model/
[2026-05-09 19:24:38] (ERROR @ /var/www/html/core/vendor/xpdo/xpdo/src/xPDO/xPDO.php : 473) Path specified for package Category is not a valid or accessible directory: /var/www/html/core/components/Category/model/
[2026-05-09 19:24:38] (ERROR @ /var/www/html/core/vendor/xpdo/xpdo/src/xPDO/xPDO.php : 473) Path specified for package shop is not a valid or accessible directory: /var/www/html/core/components/shop/model/
[2026-05-09 19:24:38] (ERROR @ /var/www/html/core/vendor/xpdo/xpdo/src/xPDO/xPDO.php : 473) Path specified for package Category is not a valid or accessible directory: /var/www/html/core/components/Category/model/
[2026-05-09 19:24:38] (ERROR @ /var/www/html/core/vendor/xpdo/xpdo/src/xPDO/xPDO.php : 473) Path specified for package shop is not a valid or accessible directory: /var/www/html/core/components/shop/model/
[2026-05-09 19:24:39] (ERROR @ /var/www/html/core/vendor/xpdo/xpdo/src/xPDO/xPDO.php : 473) Path specified for package Category is not a valid or accessible directory: /var/www/html/core/components/Category/model/
[2026-05-09 19:24:39] (ERROR @ /var/www/html/core/vendor/xpdo/xpdo/src/xPDO/xPDO.php : 473) Path specified for package shop is not a valid or accessible directory: /var/www/html/core/components/shop/model/
[2026-05-09 19:24:39] (ERROR @ /var/www/html/core/vendor/xpdo/xpdo/src/xPDO/xPDO.php : 473) Path specified for package Category is not a valid or accessible directory: /var/www/html/core/components/Category/model/
[2026-05-09 19:24:39] (ERROR @ /var/www/html/core/vendor/xpdo/xpdo/src/xPDO/xPDO.php : 473) Path specified for package shop is not a valid or accessible directory: /var/www/html/core/components/shop/model/
[2026-05-09 19:24:42] (ERROR @ /var/www/html/core/vendor/xpdo/xpdo/src/xPDO/xPDO.php : 473) Path specified for package Category is not a valid or accessible directory: /var/www/html/core/components/Category/model/
[2026-05-09 19:24:42] (ERROR @ /var/www/html/core/vendor/xpdo/xpdo/src/xPDO/xPDO.php : 473) Path specified for package shop is not a valid or accessible directory: /var/www/html/core/components/shop/model/
[2026-05-09 19:25:15] (ERROR @ /var/www/html/core/vendor/xpdo/xpdo/src/xPDO/xPDO.php : 473) Path specified for package Category is not a valid or accessible directory: /var/www/html/core/components/Category/model/
[2026-05-09 19:25:15] (ERROR @ /var/www/html/core/vendor/xpdo/xpdo/src/xPDO/xPDO.php : 473) Path specified for package shop is not a valid or accessible directory: /var/www/html/core/components/shop/model/
[2026-05-09 19:25:20] (ERROR @ /var/www/html/core/vendor/xpdo/xpdo/src/xPDO/xPDO.php : 473) Path specified for package Category is not a valid or accessible directory: /var/www/html/core/components/Category/model/
[2026-05-09 19:25:20] (ERROR @ /var/www/html/core/vendor/xpdo/xpdo/src/xPDO/xPDO.php : 473) Path specified for package Category is not a valid or accessible directory: /var/www/html/core/components/Category/model/
[2026-05-09 19:25:20] (ERROR @ /var/www/html/core/vendor/xpdo/xpdo/src/xPDO/xPDO.php : 473) Path specified for package Category is not a valid or accessible directory: /var/www/html/core/components/Category/model/
[2026-05-09 19:25:20] (ERROR @ /var/www/html/core/vendor/xpdo/xpdo/src/xPDO/xPDO.php : 473) Path specified for package shop is not a valid or accessible directory: /var/www/html/core/components/shop/model/
[2026-05-09 19:25:20] (ERROR @ /var/www/html/core/vendor/xpdo/xpdo/src/xPDO/xPDO.php : 473) Path specified for package shop is not a valid or accessible directory: /var/www/html/core/components/shop/model/
[2026-05-09 19:25:20] (ERROR @ /var/www/html/core/vendor/xpdo/xpdo/src/xPDO/xPDO.php : 473) Path specified for package shop is not a valid or accessible directory: /var/www/html/core/components/shop/model/
[2026-05-09 19:25:52] (ERROR @ /var/www/html/core/vendor/xpdo/xpdo/src/xPDO/xPDO.php : 473) Path specified for package Category is not a valid or accessible directory: /var/www/html/core/components/Category/model/
[2026-05-09 19:25:52] (ERROR @ /var/www/html/core/vendor/xpdo/xpdo/src/xPDO/xPDO.php : 473) Path specified for package shop is not a valid or accessible directory: /var/www/html/core/components/shop/model/
[2026-05-09 19:26:04] (ERROR @ /var/www/html/core/vendor/xpdo/xpdo/src/xPDO/xPDO.php : 473) Path specified for package Category is not a valid or accessible directory: /var/www/html/core/components/Category/model/
[2026-05-09 19:26:04] (ERROR @ /var/www/html/core/vendor/xpdo/xpdo/src/xPDO/xPDO.php : 473) Path specified for package Category is not a valid or accessible directory: /var/www/html/core/components/Category/model/
[2026-05-09 19:26:04] (ERROR @ /var/www/html/core/vendor/xpdo/xpdo/src/xPDO/xPDO.php : 473) Path specified for package shop is not a valid or accessible directory: /var/www/html/core/components/shop/model/
[2026-05-09 19:26:04] (ERROR @ /var/www/html/core/vendor/xpdo/xpdo/src/xPDO/xPDO.php : 473) Path specified for package shop is not a valid or accessible directory: /var/www/html/core/components/shop/model/
[2026-05-09 19:26:26] (ERROR @ /var/www/html/core/vendor/xpdo/xpdo/src/xPDO/xPDO.php : 473) Path specified for package Category is not a valid or accessible directory: /var/www/html/core/components/Category/model/
[2026-05-09 19:26:27] (ERROR @ /var/www/html/core/vendor/xpdo/xpdo/src/xPDO/xPDO.php : 473) Path specified for package shop is not a valid or accessible directory: /var/www/html/core/components/shop/model/
[2026-05-09 19:26:30] (ERROR @ /var/www/html/core/vendor/xpdo/xpdo/src/xPDO/xPDO.php : 473) Path specified for package Category is not a valid or accessible directory: /var/www/html/core/components/Category/model/
[2026-05-09 19:26:30] (ERROR @ /var/www/html/core/vendor/xpdo/xpdo/src/xPDO/xPDO.php : 473) Path specified for package Category is not a valid or accessible directory: /var/www/html/core/components/Category/model/
[2026-05-09 19:26:30] (ERROR @ /var/www/html/core/vendor/xpdo/xpdo/src/xPDO/xPDO.php : 473) Path specified for package shop is not a valid or accessible directory: /var/www/html/core/components/shop/model/
[2026-05-09 19:26:30] (ERROR @ /var/www/html/core/vendor/xpdo/xpdo/src/xPDO/xPDO.php : 473) Path specified for package shop is not a valid or accessible directory: /var/www/html/core/components/shop/model/
[2026-05-09 19:26:31] (ERROR @ /var/www/html/core/vendor/xpdo/xpdo/src/xPDO/xPDO.php : 473) Path specified for package Category is not a valid or accessible directory: /var/www/html/core/components/Category/model/
[2026-05-09 19:26:31] (ERROR @ /var/www/html/core/vendor/xpdo/xpdo/src/xPDO/xPDO.php : 473) Path specified for package Category is not a valid or accessible directory: /var/www/html/core/components/Category/model/
[2026-05-09 19:26:31] (ERROR @ /var/www/html/core/vendor/xpdo/xpdo/src/xPDO/xPDO.php : 473) Path specified for package shop is not a valid or accessible directory: /var/www/html/core/components/shop/model/
[2026-05-09 19:26:31] (ERROR @ /var/www/html/core/vendor/xpdo/xpdo/src/xPDO/xPDO.php : 473) Path specified for package shop is not a valid or accessible directory: /var/www/html/core/components/shop/model/
[2026-05-09 19:26:31] (ERROR @ /var/www/html/core/vendor/xpdo/xpdo/src/xPDO/xPDO.php : 473) Path specified for package Category is not a valid or accessible directory: /var/www/html/core/components/Category/model/
[2026-05-09 19:26:31] (ERROR @ /var/www/html/core/vendor/xpdo/xpdo/src/xPDO/xPDO.php : 473) Path specified for package shop is not a valid or accessible directory: /var/www/html/core/components/shop/model/
[2026-05-09 19:26:31] (ERROR @ /var/www/html/core/vendor/xpdo/xpdo/src/xPDO/xPDO.php : 473) Path specified for package Category is not a valid or accessible directory: /var/www/html/core/components/Category/model/
[2026-05-09 19:26:31] (ERROR @ /var/www/html/core/vendor/xpdo/xpdo/src/xPDO/xPDO.php : 473) Path specified for package shop is not a valid or accessible directory: /var/www/html/core/components/shop/model/
[2026-05-09 19:26:31] (ERROR @ /var/www/html/core/vendor/xpdo/xpdo/src/xPDO/xPDO.php : 473) Path specified for package Category is not a valid or accessible directory: /var/www/html/core/components/Category/model/
[2026-05-09 19:26:31] (ERROR @ /var/www/html/core/vendor/xpdo/xpdo/src/xPDO/xPDO.php : 473) Path specified for package shop is not a valid or accessible directory: /var/www/html/core/components/shop/model/
[2026-05-09 19:26:31] (ERROR @ /var/www/html/core/vendor/xpdo/xpdo/src/xPDO/xPDO.php : 473) Path specified for package Category is not a valid or accessible directory: /var/www/html/core/components/Category/model/
[2026-05-09 19:26:31] (ERROR @ /var/www/html/core/vendor/xpdo/xpdo/src/xPDO/xPDO.php : 473) Path specified for package shop is not a valid or accessible directory: /var/www/html/core/components/shop/model/
[2026-05-09 19:26:32] (ERROR @ /var/www/html/core/vendor/xpdo/xpdo/src/xPDO/xPDO.php : 473) Path specified for package Category is not a valid or accessible directory: /var/www/html/core/components/Category/model/
[2026-05-09 19:26:32] (ERROR @ /var/www/html/core/vendor/xpdo/xpdo/src/xPDO/xPDO.php : 473) Path specified for package shop is not a valid or accessible directory: /var/www/html/core/components/shop/model/
[2026-05-09 19:26:33] (ERROR @ /var/www/html/core/vendor/xpdo/xpdo/src/xPDO/xPDO.php : 473) Path specified for package Category is not a valid or accessible directory: /var/www/html/core/components/Category/model/
[2026-05-09 19:26:33] (ERROR @ /var/www/html/core/vendor/xpdo/xpdo/src/xPDO/xPDO.php : 473) Path specified for package Category is not a valid or accessible directory: /var/www/html/core/components/Category/model/
[2026-05-09 19:26:33] (ERROR @ /var/www/html/core/vendor/xpdo/xpdo/src/xPDO/xPDO.php : 473) Path specified for package shop is not a valid or accessible directory: /var/www/html/core/components/shop/model/
[2026-05-09 19:26:33] (ERROR @ /var/www/html/core/vendor/xpdo/xpdo/src/xPDO/xPDO.php : 473) Path specified for package shop is not a valid or accessible directory: /var/www/html/core/components/shop/model/
[2026-05-09 19:26:35] (ERROR @ /var/www/html/core/vendor/xpdo/xpdo/src/xPDO/xPDO.php : 473) Path specified for package Category is not a valid or accessible directory: /var/www/html/core/components/Category/model/
[2026-05-09 19:26:35] (ERROR @ /var/www/html/core/vendor/xpdo/xpdo/src/xPDO/xPDO.php : 473) Path specified for package Category is not a valid or accessible directory: /var/www/html/core/components/Category/model/
[2026-05-09 19:26:35] (ERROR @ /var/www/html/core/vendor/xpdo/xpdo/src/xPDO/xPDO.php : 473) Path specified for package shop is not a valid or accessible directory: /var/www/html/core/components/shop/model/
[2026-05-09 19:26:35] (ERROR @ /var/www/html/core/vendor/xpdo/xpdo/src/xPDO/xPDO.php : 473) Path specified for package shop is not a valid or accessible directory: /var/www/html/core/components/shop/model/
[2026-05-09 19:26:36] (ERROR @ /var/www/html/core/vendor/xpdo/xpdo/src/xPDO/xPDO.php : 473) Path specified for package Category is not a valid or accessible directory: /var/www/html/core/components/Category/model/
[2026-05-09 19:26:36] (ERROR @ /var/www/html/core/vendor/xpdo/xpdo/src/xPDO/xPDO.php : 473) Path specified for package shop is not a valid or accessible directory: /var/www/html/core/components/shop/model/
[2026-05-09 19:26:41] (ERROR @ /var/www/html/core/vendor/xpdo/xpdo/src/xPDO/xPDO.php : 473) Path specified for package Category is not a valid or accessible directory: /var/www/html/core/components/Category/model/
[2026-05-09 19:26:41] (ERROR @ /var/www/html/core/vendor/xpdo/xpdo/src/xPDO/xPDO.php : 473) Path specified for package shop is not a valid or accessible directory: /var/www/html/core/components/shop/model/
[2026-05-09 19:26:51] (ERROR @ /var/www/html/core/vendor/xpdo/xpdo/src/xPDO/xPDO.php : 473) Path specified for package Category is not a valid or accessible directory: /var/www/html/core/components/Category/model/
[2026-05-09 19:26:51] (ERROR @ /var/www/html/core/vendor/xpdo/xpdo/src/xPDO/xPDO.php : 473) Path specified for package shop is not a valid or accessible directory: /var/www/html/core/components/shop/model/
[2026-05-09 19:27:00] (ERROR @ /var/www/html/core/vendor/xpdo/xpdo/src/xPDO/xPDO.php : 473) Path specified for package Category is not a valid or accessible directory: /var/www/html/core/components/Category/model/
[2026-05-09 19:27:00] (ERROR @ /var/www/html/core/vendor/xpdo/xpdo/src/xPDO/xPDO.php : 473) Path specified for package Category is not a valid or accessible directory: /var/www/html/core/components/Category/model/
[2026-05-09 19:27:00] (ERROR @ /var/www/html/core/vendor/xpdo/xpdo/src/xPDO/xPDO.php : 473) Path specified for package shop is not a valid or accessible directory: /var/www/html/core/components/shop/model/
[2026-05-09 19:27:00] (ERROR @ /var/www/html/core/vendor/xpdo/xpdo/src/xPDO/xPDO.php : 473) Path specified for package shop is not a valid or accessible directory: /var/www/html/core/components/shop/model/
[2026-05-09 19:27:08] (ERROR @ /var/www/html/core/vendor/xpdo/xpdo/src/xPDO/xPDO.php : 473) Path specified for package Category is not a valid or accessible directory: /var/www/html/core/components/Category/model/
[2026-05-09 19:27:08] (ERROR @ /var/www/html/core/vendor/xpdo/xpdo/src/xPDO/xPDO.php : 473) Path specified for package shop is not a valid or accessible directory: /var/www/html/core/components/shop/model/
[2026-05-09 19:27:15] (ERROR @ /var/www/html/core/vendor/xpdo/xpdo/src/xPDO/xPDO.php : 473) Path specified for package Category is not a valid or accessible directory: /var/www/html/core/components/Category/model/
[2026-05-09 19:27:15] (ERROR @ /var/www/html/core/vendor/xpdo/xpdo/src/xPDO/xPDO.php : 473) Path specified for package shop is not a valid or accessible directory: /var/www/html/core/components/shop/model/
[2026-05-09 19:27:44] (ERROR @ /var/www/html/core/vendor/xpdo/xpdo/src/xPDO/xPDO.php : 473) Path specified for package Category is not a valid or accessible directory: /var/www/html/core/components/Category/model/
[2026-05-09 19:27:44] (ERROR @ /var/www/html/core/vendor/xpdo/xpdo/src/xPDO/xPDO.php : 473) Path specified for package Category is not a valid or accessible directory: /var/www/html/core/components/Category/model/
[2026-05-09 19:27:44] (ERROR @ /var/www/html/core/vendor/xpdo/xpdo/src/xPDO/xPDO.php : 473) Path specified for package shop is not a valid or accessible directory: /var/www/html/core/components/shop/model/
[2026-05-09 19:27:44] (ERROR @ /var/www/html/core/vendor/xpdo/xpdo/src/xPDO/xPDO.php : 473) Path specified for package shop is not a valid or accessible directory: /var/www/html/core/components/shop/model/
[2026-05-09 19:27:53] (ERROR @ /var/www/html/core/vendor/xpdo/xpdo/src/xPDO/xPDO.php : 473) Path specified for package Category is not a valid or accessible directory: /var/www/html/core/components/Category/model/
[2026-05-09 19:27:53] (ERROR @ /var/www/html/core/vendor/xpdo/xpdo/src/xPDO/xPDO.php : 473) Path specified for package shop is not a valid or accessible directory: /var/www/html/core/components/shop/model/
[2026-05-09 19:28:02] (ERROR @ /var/www/html/core/vendor/xpdo/xpdo/src/xPDO/xPDO.php : 473) Path specified for package Category is not a valid or accessible directory: /var/www/html/core/components/Category/model/
[2026-05-09 19:28:02] (ERROR @ /var/www/html/core/vendor/xpdo/xpdo/src/xPDO/xPDO.php : 473) Path specified for package shop is not a valid or accessible directory: /var/www/html/core/components/shop/model/
[2026-05-09 19:28:09] (ERROR @ /var/www/html/core/vendor/xpdo/xpdo/src/xPDO/xPDO.php : 473) Path specified for package Category is not a valid or accessible directory: /var/www/html/core/components/Category/model/
[2026-05-09 19:28:09] (ERROR @ /var/www/html/core/vendor/xpdo/xpdo/src/xPDO/xPDO.php : 473) Path specified for package Category is not a valid or accessible directory: /var/www/html/core/components/Category/model/
[2026-05-09 19:28:09] (ERROR @ /var/www/html/core/vendor/xpdo/xpdo/src/xPDO/xPDO.php : 473) Path specified for package shop is not a valid or accessible directory: /var/www/html/core/components/shop/model/
[2026-05-09 19:28:09] (ERROR @ /var/www/html/core/vendor/xpdo/xpdo/src/xPDO/xPDO.php : 473) Path specified for package shop is not a valid or accessible directory: /var/www/html/core/components/shop/model/
[2026-05-09 19:28:14] (ERROR @ /var/www/html/core/vendor/xpdo/xpdo/src/xPDO/xPDO.php : 473) Path specified for package Category is not a valid or accessible directory: /var/www/html/core/components/Category/model/
[2026-05-09 19:28:14] (ERROR @ /var/www/html/core/vendor/xpdo/xpdo/src/xPDO/xPDO.php : 473) Path specified for package shop is not a valid or accessible directory: /var/www/html/core/components/shop/model/
[2026-05-09 19:28:19] (ERROR @ /var/www/html/core/vendor/xpdo/xpdo/src/xPDO/xPDO.php : 473) Path specified for package Category is not a valid or accessible directory: /var/www/html/core/components/Category/model/
[2026-05-09 19:28:19] (ERROR @ /var/www/html/core/vendor/xpdo/xpdo/src/xPDO/xPDO.php : 473) Path specified for package shop is not a valid or accessible directory: /var/www/html/core/components/shop/model/
[2026-05-09 19:28:27] (ERROR @ /var/www/html/core/vendor/xpdo/xpdo/src/xPDO/xPDO.php : 473) Path specified for package Category is not a valid or accessible directory: /var/www/html/core/components/Category/model/
[2026-05-09 19:28:27] (ERROR @ /var/www/html/core/vendor/xpdo/xpdo/src/xPDO/xPDO.php : 473) Path specified for package Category is not a valid or accessible directory: /var/www/html/core/components/Category/model/
[2026-05-09 19:28:27] (ERROR @ /var/www/html/core/vendor/xpdo/xpdo/src/xPDO/xPDO.php : 473) Path specified for package shop is not a valid or accessible directory: /var/www/html/core/components/shop/model/
[2026-05-09 19:28:27] (ERROR @ /var/www/html/core/vendor/xpdo/xpdo/src/xPDO/xPDO.php : 473) Path specified for package shop is not a valid or accessible directory: /var/www/html/core/components/shop/model/
[2026-05-09 19:28:35] (ERROR @ /var/www/html/core/vendor/xpdo/xpdo/src/xPDO/xPDO.php : 473) Path specified for package Category is not a valid or accessible directory: /var/www/html/core/components/Category/model/
[2026-05-09 19:28:35] (ERROR @ /var/www/html/core/vendor/xpdo/xpdo/src/xPDO/xPDO.php : 473) Path specified for package shop is not a valid or accessible directory: /var/www/html/core/components/shop/model/
[2026-05-09 19:28:44] (ERROR @ /var/www/html/core/vendor/xpdo/xpdo/src/xPDO/xPDO.php : 473) Path specified for package Category is not a valid or accessible directory: /var/www/html/core/components/Category/model/
[2026-05-09 19:28:44] (ERROR @ /var/www/html/core/vendor/xpdo/xpdo/src/xPDO/xPDO.php : 473) Path specified for package shop is not a valid or accessible directory: /var/www/html/core/components/shop/model/
[2026-05-09 19:28:51] (ERROR @ /var/www/html/core/vendor/xpdo/xpdo/src/xPDO/xPDO.php : 473) Path specified for package Category is not a valid or accessible directory: /var/www/html/core/components/Category/model/
[2026-05-09 19:28:51] (ERROR @ /var/www/html/core/vendor/xpdo/xpdo/src/xPDO/xPDO.php : 473) Path specified for package Category is not a valid or accessible directory: /var/www/html/core/components/Category/model/
[2026-05-09 19:28:51] (ERROR @ /var/www/html/core/vendor/xpdo/xpdo/src/xPDO/xPDO.php : 473) Path specified for package shop is not a valid or accessible directory: /var/www/html/core/components/shop/model/
[2026-05-09 19:28:51] (ERROR @ /var/www/html/core/vendor/xpdo/xpdo/src/xPDO/xPDO.php : 473) Path specified for package shop is not a valid or accessible directory: /var/www/html/core/components/shop/model/
[2026-05-09 19:28:58] (ERROR @ /var/www/html/core/vendor/xpdo/xpdo/src/xPDO/xPDO.php : 473) Path specified for package Category is not a valid or accessible directory: /var/www/html/core/components/Category/model/
[2026-05-09 19:28:58] (ERROR @ /var/www/html/core/vendor/xpdo/xpdo/src/xPDO/xPDO.php : 473) Path specified for package shop is not a valid or accessible directory: /var/www/html/core/components/shop/model/
[2026-05-09 19:29:21] (ERROR @ /var/www/html/core/vendor/xpdo/xpdo/src/xPDO/xPDO.php : 473) Path specified for package Category is not a valid or accessible directory: /var/www/html/core/components/Category/model/
[2026-05-09 19:29:21] (ERROR @ /var/www/html/core/vendor/xpdo/xpdo/src/xPDO/xPDO.php : 473) Path specified for package shop is not a valid or accessible directory: /var/www/html/core/components/shop/model/
[2026-05-09 19:29:38] (ERROR @ /var/www/html/core/vendor/xpdo/xpdo/src/xPDO/xPDO.php : 473) Path specified for package Category is not a valid or accessible directory: /var/www/html/core/components/Category/model/
[2026-05-09 19:29:38] (ERROR @ /var/www/html/core/vendor/xpdo/xpdo/src/xPDO/xPDO.php : 473) Path specified for package shop is not a valid or accessible directory: /var/www/html/core/components/shop/model/
[2026-05-09 19:29:44] (ERROR @ /var/www/html/core/vendor/xpdo/xpdo/src/xPDO/xPDO.php : 473) Path specified for package Category is not a valid or accessible directory: /var/www/html/core/components/Category/model/
[2026-05-09 19:29:44] (ERROR @ /var/www/html/core/vendor/xpdo/xpdo/src/xPDO/xPDO.php : 473) Path specified for package shop is not a valid or accessible directory: /var/www/html/core/components/shop/model/
[2026-05-09 19:29:44] (ERROR @ /var/www/html/core/vendor/xpdo/xpdo/src/xPDO/xPDO.php : 473) Path specified for package Category is not a valid or accessible directory: /var/www/html/core/components/Category/model/
[2026-05-09 19:29:44] (ERROR @ /var/www/html/core/vendor/xpdo/xpdo/src/xPDO/xPDO.php : 473) Path specified for package shop is not a valid or accessible directory: /var/www/html/core/components/shop/model/
[2026-05-09 19:29:45] (ERROR @ /var/www/html/core/vendor/xpdo/xpdo/src/xPDO/xPDO.php : 473) Path specified for package Category is not a valid or accessible directory: /var/www/html/core/components/Category/model/
[2026-05-09 19:29:45] (ERROR @ /var/www/html/core/vendor/xpdo/xpdo/src/xPDO/xPDO.php : 473) Path specified for package shop is not a valid or accessible directory: /var/www/html/core/components/shop/model/
[2026-05-09 19:29:49] (ERROR @ /var/www/html/core/vendor/xpdo/xpdo/src/xPDO/xPDO.php : 473) Path specified for package Category is not a valid or accessible directory: /var/www/html/core/components/Category/model/
[2026-05-09 19:29:49] (ERROR @ /var/www/html/core/vendor/xpdo/xpdo/src/xPDO/xPDO.php : 473) Path specified for package shop is not a valid or accessible directory: /var/www/html/core/components/shop/model/
[2026-05-09 19:29:49] (ERROR @ /var/www/html/core/vendor/xpdo/xpdo/src/xPDO/xPDO.php : 473) Path specified for package Category is not a valid or accessible directory: /var/www/html/core/components/Category/model/
[2026-05-09 19:29:49] (ERROR @ /var/www/html/core/vendor/xpdo/xpdo/src/xPDO/xPDO.php : 473) Path specified for package shop is not a valid or accessible directory: /var/www/html/core/components/shop/model/
[2026-05-09 19:29:59] (ERROR @ /var/www/html/core/vendor/xpdo/xpdo/src/xPDO/xPDO.php : 473) Path specified for package Category is not a valid or accessible directory: /var/www/html/core/components/Category/model/
[2026-05-09 19:29:59] (ERROR @ /var/www/html/core/vendor/xpdo/xpdo/src/xPDO/xPDO.php : 473) Path specified for package Category is not a valid or accessible directory: /var/www/html/core/components/Category/model/
[2026-05-09 19:29:59] (ERROR @ /var/www/html/core/vendor/xpdo/xpdo/src/xPDO/xPDO.php : 473) Path specified for package shop is not a valid or accessible directory: /var/www/html/core/components/shop/model/
[2026-05-09 19:29:59] (ERROR @ /var/www/html/core/vendor/xpdo/xpdo/src/xPDO/xPDO.php : 473) Path specified for package shop is not a valid or accessible directory: /var/www/html/core/components/shop/model/
[2026-05-09 19:29:59] (ERROR @ /var/www/html/core/vendor/xpdo/xpdo/src/xPDO/xPDO.php : 473) Path specified for package Category is not a valid or accessible directory: /var/www/html/core/components/Category/model/
[2026-05-09 19:29:59] (ERROR @ /var/www/html/core/vendor/xpdo/xpdo/src/xPDO/xPDO.php : 473) Path specified for package shop is not a valid or accessible directory: /var/www/html/core/components/shop/model/
[2026-05-09 19:30:00] (ERROR @ /var/www/html/core/vendor/xpdo/xpdo/src/xPDO/xPDO.php : 473) Path specified for package Category is not a valid or accessible directory: /var/www/html/core/components/Category/model/
[2026-05-09 19:30:00] (ERROR @ /var/www/html/core/vendor/xpdo/xpdo/src/xPDO/xPDO.php : 473) Path specified for package Category is not a valid or accessible directory: /var/www/html/core/components/Category/model/
[2026-05-09 19:30:00] (ERROR @ /var/www/html/core/vendor/xpdo/xpdo/src/xPDO/xPDO.php : 473) Path specified for package Category is not a valid or accessible directory: /var/www/html/core/components/Category/model/
[2026-05-09 19:30:00] (ERROR @ /var/www/html/core/vendor/xpdo/xpdo/src/xPDO/xPDO.php : 473) Path specified for package Category is not a valid or accessible directory: /var/www/html/core/components/Category/model/
[2026-05-09 19:30:00] (ERROR @ /var/www/html/core/vendor/xpdo/xpdo/src/xPDO/xPDO.php : 473) Path specified for package shop is not a valid or accessible directory: /var/www/html/core/components/shop/model/
[2026-05-09 19:30:00] (ERROR @ /var/www/html/core/vendor/xpdo/xpdo/src/xPDO/xPDO.php : 473) Path specified for package shop is not a valid or accessible directory: /var/www/html/core/components/shop/model/
[2026-05-09 19:30:00] (ERROR @ /var/www/html/core/vendor/xpdo/xpdo/src/xPDO/xPDO.php : 473) Path specified for package shop is not a valid or accessible directory: /var/www/html/core/components/shop/model/
[2026-05-09 19:30:00] (ERROR @ /var/www/html/core/vendor/xpdo/xpdo/src/xPDO/xPDO.php : 473) Path specified for package shop is not a valid or accessible directory: /var/www/html/core/components/shop/model/
[2026-05-09 19:30:00] (ERROR @ /var/www/html/core/vendor/xpdo/xpdo/src/xPDO/xPDO.php : 473) Path specified for package Category is not a valid or accessible directory: /var/www/html/core/components/Category/model/
[2026-05-09 19:30:01] (ERROR @ /var/www/html/core/vendor/xpdo/xpdo/src/xPDO/xPDO.php : 473) Path specified for package shop is not a valid or accessible directory: /var/www/html/core/components/shop/model/
[2026-05-09 19:30:01] (ERROR @ /var/www/html/core/vendor/xpdo/xpdo/src/xPDO/xPDO.php : 473) Path specified for package Category is not a valid or accessible directory: /var/www/html/core/components/Category/model/
[2026-05-09 19:30:01] (ERROR @ /var/www/html/core/vendor/xpdo/xpdo/src/xPDO/xPDO.php : 473) Path specified for package shop is not a valid or accessible directory: /var/www/html/core/components/shop/model/
[2026-05-09 19:30:01] (ERROR @ /var/www/html/core/vendor/xpdo/xpdo/src/xPDO/xPDO.php : 473) Path specified for package Category is not a valid or accessible directory: /var/www/html/core/components/Category/model/
[2026-05-09 19:30:01] (ERROR @ /var/www/html/core/vendor/xpdo/xpdo/src/xPDO/xPDO.php : 473) Path specified for package Category is not a valid or accessible directory: /var/www/html/core/components/Category/model/
[2026-05-09 19:30:01] (ERROR @ /var/www/html/core/vendor/xpdo/xpdo/src/xPDO/xPDO.php : 473) Path specified for package shop is not a valid or accessible directory: /var/www/html/core/components/shop/model/
[2026-05-09 19:30:01] (ERROR @ /var/www/html/core/vendor/xpdo/xpdo/src/xPDO/xPDO.php : 473) Path specified for package shop is not a valid or accessible directory: /var/www/html/core/components/shop/model/
[2026-05-09 19:30:01] (ERROR @ /var/www/html/core/vendor/xpdo/xpdo/src/xPDO/xPDO.php : 473) Path specified for package Category is not a valid or accessible directory: /var/www/html/core/components/Category/model/
[2026-05-09 19:30:01] (ERROR @ /var/www/html/core/vendor/xpdo/xpdo/src/xPDO/xPDO.php : 473) Path specified for package shop is not a valid or accessible directory: /var/www/html/core/components/shop/model/
[2026-05-09 19:30:05] (ERROR @ /var/www/html/core/vendor/xpdo/xpdo/src/xPDO/xPDO.php : 473) Path specified for package Category is not a valid or accessible directory: /var/www/html/core/components/Category/model/
[2026-05-09 19:30:05] (ERROR @ /var/www/html/core/vendor/xpdo/xpdo/src/xPDO/xPDO.php : 473) Path specified for package shop is not a valid or accessible directory: /var/www/html/core/components/shop/model/
[2026-05-09 19:30:05] (ERROR @ /var/www/html/core/vendor/xpdo/xpdo/src/xPDO/xPDO.php : 473) Path specified for package Category is not a valid or accessible directory: /var/www/html/core/components/Category/model/
[2026-05-09 19:30:05] (ERROR @ /var/www/html/core/vendor/xpdo/xpdo/src/xPDO/xPDO.php : 473) Path specified for package shop is not a valid or accessible directory: /var/www/html/core/components/shop/model/
[2026-05-09 19:30:09] (ERROR @ /var/www/html/core/vendor/xpdo/xpdo/src/xPDO/xPDO.php : 473) Path specified for package Category is not a valid or accessible directory: /var/www/html/core/components/Category/model/
[2026-05-09 19:30:09] (ERROR @ /var/www/html/core/vendor/xpdo/xpdo/src/xPDO/xPDO.php : 473) Path specified for package shop is not a valid or accessible directory: /var/www/html/core/components/shop/model/
[2026-05-09 19:30:09] (ERROR @ /var/www/html/core/vendor/xpdo/xpdo/src/xPDO/xPDO.php : 473) Path specified for package Category is not a valid or accessible directory: /var/www/html/core/components/Category/model/
[2026-05-09 19:30:09] (ERROR @ /var/www/html/core/vendor/xpdo/xpdo/src/xPDO/xPDO.php : 473) Path specified for package shop is not a valid or accessible directory: /var/www/html/core/components/shop/model/
[2026-05-09 19:30:10] (ERROR @ /var/www/html/core/vendor/xpdo/xpdo/src/xPDO/xPDO.php : 473) Path specified for package Category is not a valid or accessible directory: /var/www/html/core/components/Category/model/
[2026-05-09 19:30:10] (ERROR @ /var/www/html/core/vendor/xpdo/xpdo/src/xPDO/xPDO.php : 473) Path specified for package shop is not a valid or accessible directory: /var/www/html/core/components/shop/model/
[2026-05-09 19:30:11] (ERROR @ /var/www/html/core/vendor/xpdo/xpdo/src/xPDO/xPDO.php : 473) Path specified for package Category is not a valid or accessible directory: /var/www/html/core/components/Category/model/
[2026-05-09 19:30:11] (ERROR @ /var/www/html/core/vendor/xpdo/xpdo/src/xPDO/xPDO.php : 473) Path specified for package shop is not a valid or accessible directory: /var/www/html/core/components/shop/model/
[2026-05-09 19:30:13] (ERROR @ /var/www/html/core/vendor/xpdo/xpdo/src/xPDO/xPDO.php : 473) Path specified for package Category is not a valid or accessible directory: /var/www/html/core/components/Category/model/
[2026-05-09 19:30:13] (ERROR @ /var/www/html/core/vendor/xpdo/xpdo/src/xPDO/xPDO.php : 473) Path specified for package shop is not a valid or accessible directory: /var/www/html/core/components/shop/model/
[2026-05-09 19:30:13] (ERROR @ /var/www/html/core/vendor/xpdo/xpdo/src/xPDO/xPDO.php : 473) Path specified for package Category is not a valid or accessible directory: /var/www/html/core/components/Category/model/
[2026-05-09 19:30:13] (ERROR @ /var/www/html/core/vendor/xpdo/xpdo/src/xPDO/xPDO.php : 473) Path specified for package shop is not a valid or accessible directory: /var/www/html/core/components/shop/model/
[2026-05-09 19:30:16] (ERROR @ /var/www/html/core/vendor/xpdo/xpdo/src/xPDO/xPDO.php : 473) Path specified for package Category is not a valid or accessible directory: /var/www/html/core/components/Category/model/
[2026-05-09 19:30:16] (ERROR @ /var/www/html/core/vendor/xpdo/xpdo/src/xPDO/xPDO.php : 473) Path specified for package shop is not a valid or accessible directory: /var/www/html/core/components/shop/model/
[2026-05-09 19:30:16] (ERROR @ /var/www/html/core/vendor/xpdo/xpdo/src/xPDO/xPDO.php : 473) Path specified for package Category is not a valid or accessible directory: /var/www/html/core/components/Category/model/
[2026-05-09 19:30:16] (ERROR @ /var/www/html/core/vendor/xpdo/xpdo/src/xPDO/xPDO.php : 473) Path specified for package shop is not a valid or accessible directory: /var/www/html/core/components/shop/model/
[2026-05-09 19:30:26] (ERROR @ /var/www/html/core/vendor/xpdo/xpdo/src/xPDO/xPDO.php : 473) Path specified for package Category is not a valid or accessible directory: /var/www/html/core/components/Category/model/
[2026-05-09 19:30:26] (ERROR @ /var/www/html/core/vendor/xpdo/xpdo/src/xPDO/xPDO.php : 473) Path specified for package shop is not a valid or accessible directory: /var/www/html/core/components/shop/model/
[2026-05-09 19:30:26] (ERROR @ /var/www/html/core/vendor/xpdo/xpdo/src/xPDO/xPDO.php : 473) Path specified for package Category is not a valid or accessible directory: /var/www/html/core/components/Category/model/
[2026-05-09 19:30:26] (ERROR @ /var/www/html/core/vendor/xpdo/xpdo/src/xPDO/xPDO.php : 473) Path specified for package Category is not a valid or accessible directory: /var/www/html/core/components/Category/model/
[2026-05-09 19:30:26] (ERROR @ /var/www/html/core/vendor/xpdo/xpdo/src/xPDO/xPDO.php : 473) Path specified for package shop is not a valid or accessible directory: /var/www/html/core/components/shop/model/
[2026-05-09 19:30:26] (ERROR @ /var/www/html/core/vendor/xpdo/xpdo/src/xPDO/xPDO.php : 473) Path specified for package shop is not a valid or accessible directory: /var/www/html/core/components/shop/model/
[2026-05-09 19:30:27] (ERROR @ /var/www/html/core/vendor/xpdo/xpdo/src/xPDO/xPDO.php : 473) Path specified for package Category is not a valid or accessible directory: /var/www/html/core/components/Category/model/
[2026-05-09 19:30:27] (ERROR @ /var/www/html/core/vendor/xpdo/xpdo/src/xPDO/xPDO.php : 473) Path specified for package Category is not a valid or accessible directory: /var/www/html/core/components/Category/model/
[2026-05-09 19:30:27] (ERROR @ /var/www/html/core/vendor/xpdo/xpdo/src/xPDO/xPDO.php : 473) Path specified for package Category is not a valid or accessible directory: /var/www/html/core/components/Category/model/
[2026-05-09 19:30:27] (ERROR @ /var/www/html/core/vendor/xpdo/xpdo/src/xPDO/xPDO.php : 473) Path specified for package shop is not a valid or accessible directory: /var/www/html/core/components/shop/model/
[2026-05-09 19:30:27] (ERROR @ /var/www/html/core/vendor/xpdo/xpdo/src/xPDO/xPDO.php : 473) Path specified for package shop is not a valid or accessible directory: /var/www/html/core/components/shop/model/
[2026-05-09 19:30:27] (ERROR @ /var/www/html/core/vendor/xpdo/xpdo/src/xPDO/xPDO.php : 473) Path specified for package shop is not a valid or accessible directory: /var/www/html/core/components/shop/model/
[2026-05-09 19:30:27] (ERROR @ /var/www/html/core/vendor/xpdo/xpdo/src/xPDO/xPDO.php : 473) Path specified for package Category is not a valid or accessible directory: /var/www/html/core/components/Category/model/
[2026-05-09 19:30:27] (ERROR @ /var/www/html/core/vendor/xpdo/xpdo/src/xPDO/xPDO.php : 473) Path specified for package shop is not a valid or accessible directory: /var/www/html/core/components/shop/model/
[2026-05-09 19:30:28] (ERROR @ /var/www/html/core/vendor/xpdo/xpdo/src/xPDO/xPDO.php : 473) Path specified for package Category is not a valid or accessible directory: /var/www/html/core/components/Category/model/
[2026-05-09 19:30:28] (ERROR @ /var/www/html/core/vendor/xpdo/xpdo/src/xPDO/xPDO.php : 473) Path specified for package Category is not a valid or accessible directory: /var/www/html/core/components/Category/model/
[2026-05-09 19:30:28] (ERROR @ /var/www/html/core/vendor/xpdo/xpdo/src/xPDO/xPDO.php : 473) Path specified for package shop is not a valid or accessible directory: /var/www/html/core/components/shop/model/
[2026-05-09 19:30:28] (ERROR @ /var/www/html/core/vendor/xpdo/xpdo/src/xPDO/xPDO.php : 473) Path specified for package shop is not a valid or accessible directory: /var/www/html/core/components/shop/model/
[2026-05-09 19:30:28] (ERROR @ /var/www/html/core/vendor/xpdo/xpdo/src/xPDO/xPDO.php : 473) Path specified for package Category is not a valid or accessible directory: /var/www/html/core/components/Category/model/
[2026-05-09 19:30:28] (ERROR @ /var/www/html/core/vendor/xpdo/xpdo/src/xPDO/xPDO.php : 473) Path specified for package shop is not a valid or accessible directory: /var/www/html/core/components/shop/model/
[2026-05-09 19:30:29] (ERROR @ /var/www/html/core/vendor/xpdo/xpdo/src/xPDO/xPDO.php : 473) Path specified for package Category is not a valid or accessible directory: /var/www/html/core/components/Category/model/
[2026-05-09 19:30:29] (ERROR @ /var/www/html/core/vendor/xpdo/xpdo/src/xPDO/xPDO.php : 473) Path specified for package shop is not a valid or accessible directory: /var/www/html/core/components/shop/model/
[2026-05-09 19:30:29] (ERROR @ /var/www/html/core/vendor/xpdo/xpdo/src/xPDO/xPDO.php : 473) Path specified for package Category is not a valid or accessible directory: /var/www/html/core/components/Category/model/
[2026-05-09 19:30:29] (ERROR @ /var/www/html/core/vendor/xpdo/xpdo/src/xPDO/xPDO.php : 473) Path specified for package shop is not a valid or accessible directory: /var/www/html/core/components/shop/model/
[2026-05-09 19:30:31] (ERROR @ /var/www/html/core/vendor/xpdo/xpdo/src/xPDO/xPDO.php : 473) Path specified for package Category is not a valid or accessible directory: /var/www/html/core/components/Category/model/
[2026-05-09 19:30:31] (ERROR @ /var/www/html/core/vendor/xpdo/xpdo/src/xPDO/xPDO.php : 473) Path specified for package shop is not a valid or accessible directory: /var/www/html/core/components/shop/model/
[2026-05-09 19:30:34] (ERROR @ /var/www/html/core/vendor/xpdo/xpdo/src/xPDO/xPDO.php : 473) Path specified for package Category is not a valid or accessible directory: /var/www/html/core/components/Category/model/
[2026-05-09 19:30:34] (ERROR @ /var/www/html/core/vendor/xpdo/xpdo/src/xPDO/xPDO.php : 473) Path specified for package shop is not a valid or accessible directory: /var/www/html/core/components/shop/model/
[2026-05-09 19:30:37] (ERROR @ /var/www/html/core/vendor/xpdo/xpdo/src/xPDO/xPDO.php : 473) Path specified for package Category is not a valid or accessible directory: /var/www/html/core/components/Category/model/
[2026-05-09 19:30:37] (ERROR @ /var/www/html/core/vendor/xpdo/xpdo/src/xPDO/xPDO.php : 473) Path specified for package shop is not a valid or accessible directory: /var/www/html/core/components/shop/model/
[2026-05-09 19:30:38] (ERROR @ /var/www/html/core/vendor/xpdo/xpdo/src/xPDO/xPDO.php : 473) Path specified for package Category is not a valid or accessible directory: /var/www/html/core/components/Category/model/
[2026-05-09 19:30:38] (ERROR @ /var/www/html/core/vendor/xpdo/xpdo/src/xPDO/xPDO.php : 473) Path specified for package Category is not a valid or accessible directory: /var/www/html/core/components/Category/model/
[2026-05-09 19:30:38] (ERROR @ /var/www/html/core/vendor/xpdo/xpdo/src/xPDO/xPDO.php : 473) Path specified for package shop is not a valid or accessible directory: /var/www/html/core/components/shop/model/
[2026-05-09 19:30:38] (ERROR @ /var/www/html/core/vendor/xpdo/xpdo/src/xPDO/xPDO.php : 473) Path specified for package shop is not a valid or accessible directory: /var/www/html/core/components/shop/model/
[2026-05-09 19:30:39] (ERROR @ /var/www/html/core/vendor/xpdo/xpdo/src/xPDO/xPDO.php : 473) Path specified for package Category is not a valid or accessible directory: /var/www/html/core/components/Category/model/
[2026-05-09 19:30:39] (ERROR @ /var/www/html/core/vendor/xpdo/xpdo/src/xPDO/xPDO.php : 473) Path specified for package shop is not a valid or accessible directory: /var/www/html/core/components/shop/model/
[2026-05-09 19:32:18] (ERROR @ /var/www/html/core/vendor/xpdo/xpdo/src/xPDO/xPDO.php : 473) Path specified for package Category is not a valid or accessible directory: /var/www/html/core/components/Category/model/
[2026-05-09 19:32:18] (ERROR @ /var/www/html/core/vendor/xpdo/xpdo/src/xPDO/xPDO.php : 473) Path specified for package shop is not a valid or accessible directory: /var/www/html/core/components/shop/model/
[2026-05-09 19:32:30] (ERROR @ /var/www/html/core/vendor/xpdo/xpdo/src/xPDO/xPDO.php : 473) Path specified for package Category is not a valid or accessible directory: /var/www/html/core/components/Category/model/
[2026-05-09 19:32:30] (ERROR @ /var/www/html/core/vendor/xpdo/xpdo/src/xPDO/xPDO.php : 473) Path specified for package Category is not a valid or accessible directory: /var/www/html/core/components/Category/model/
[2026-05-09 19:32:30] (ERROR @ /var/www/html/core/vendor/xpdo/xpdo/src/xPDO/xPDO.php : 473) Path specified for package shop is not a valid or accessible directory: /var/www/html/core/components/shop/model/
[2026-05-09 19:32:30] (ERROR @ /var/www/html/core/vendor/xpdo/xpdo/src/xPDO/xPDO.php : 473) Path specified for package shop is not a valid or accessible directory: /var/www/html/core/components/shop/model/
[2026-05-09 19:32:31] (ERROR @ /var/www/html/core/vendor/xpdo/xpdo/src/xPDO/xPDO.php : 473) Path specified for package Category is not a valid or accessible directory: /var/www/html/core/components/Category/model/
[2026-05-09 19:32:31] (ERROR @ /var/www/html/core/vendor/xpdo/xpdo/src/xPDO/xPDO.php : 473) Path specified for package Category is not a valid or accessible directory: /var/www/html/core/components/Category/model/
[2026-05-09 19:32:31] (ERROR @ /var/www/html/core/vendor/xpdo/xpdo/src/xPDO/xPDO.php : 473) Path specified for package shop is not a valid or accessible directory: /var/www/html/core/components/shop/model/
[2026-05-09 19:32:31] (ERROR @ /var/www/html/core/vendor/xpdo/xpdo/src/xPDO/xPDO.php : 473) Path specified for package shop is not a valid or accessible directory: /var/www/html/core/components/shop/model/
[2026-05-09 19:32:31] (ERROR @ /var/www/html/core/vendor/xpdo/xpdo/src/xPDO/xPDO.php : 473) Path specified for package Category is not a valid or accessible directory: /var/www/html/core/components/Category/model/
[2026-05-09 19:32:31] (ERROR @ /var/www/html/core/vendor/xpdo/xpdo/src/xPDO/xPDO.php : 473) Path specified for package shop is not a valid or accessible directory: /var/www/html/core/components/shop/model/
[2026-05-09 19:32:32] (ERROR @ /var/www/html/core/vendor/xpdo/xpdo/src/xPDO/xPDO.php : 473) Path specified for package Category is not a valid or accessible directory: /var/www/html/core/components/Category/model/
[2026-05-09 19:32:32] (ERROR @ /var/www/html/core/vendor/xpdo/xpdo/src/xPDO/xPDO.php : 473) Path specified for package shop is not a valid or accessible directory: /var/www/html/core/components/shop/model/
[2026-05-09 19:32:32] (ERROR @ /var/www/html/core/vendor/xpdo/xpdo/src/xPDO/xPDO.php : 473) Path specified for package Category is not a valid or accessible directory: /var/www/html/core/components/Category/model/
[2026-05-09 19:32:32] (ERROR @ /var/www/html/core/vendor/xpdo/xpdo/src/xPDO/xPDO.php : 473) Path specified for package shop is not a valid or accessible directory: /var/www/html/core/components/shop/model/
[2026-05-09 19:32:32] (ERROR @ /var/www/html/core/vendor/xpdo/xpdo/src/xPDO/xPDO.php : 473) Path specified for package Category is not a valid or accessible directory: /var/www/html/core/components/Category/model/
[2026-05-09 19:32:32] (ERROR @ /var/www/html/core/vendor/xpdo/xpdo/src/xPDO/xPDO.php : 473) Path specified for package Category is not a valid or accessible directory: /var/www/html/core/components/Category/model/
[2026-05-09 19:32:32] (ERROR @ /var/www/html/core/vendor/xpdo/xpdo/src/xPDO/xPDO.php : 473) Path specified for package shop is not a valid or accessible directory: /var/www/html/core/components/shop/model/
[2026-05-09 19:32:32] (ERROR @ /var/www/html/core/vendor/xpdo/xpdo/src/xPDO/xPDO.php : 473) Path specified for package shop is not a valid or accessible directory: /var/www/html/core/components/shop/model/
[2026-05-09 19:32:33] (ERROR @ /var/www/html/core/vendor/xpdo/xpdo/src/xPDO/xPDO.php : 473) Path specified for package Category is not a valid or accessible directory: /var/www/html/core/components/Category/model/
[2026-05-09 19:32:33] (ERROR @ /var/www/html/core/vendor/xpdo/xpdo/src/xPDO/xPDO.php : 473) Path specified for package shop is not a valid or accessible directory: /var/www/html/core/components/shop/model/
[2026-05-09 19:32:33] (ERROR @ /var/www/html/core/vendor/xpdo/xpdo/src/xPDO/xPDO.php : 473) Path specified for package Category is not a valid or accessible directory: /var/www/html/core/components/Category/model/
[2026-05-09 19:32:33] (ERROR @ /var/www/html/core/vendor/xpdo/xpdo/src/xPDO/xPDO.php : 473) Path specified for package shop is not a valid or accessible directory: /var/www/html/core/components/shop/model/
[2026-05-09 19:32:35] (ERROR @ /var/www/html/core/vendor/xpdo/xpdo/src/xPDO/xPDO.php : 473) Path specified for package Category is not a valid or accessible directory: /var/www/html/core/components/Category/model/
[2026-05-09 19:32:35] (ERROR @ /var/www/html/core/vendor/xpdo/xpdo/src/xPDO/xPDO.php : 473) Path specified for package shop is not a valid or accessible directory: /var/www/html/core/components/shop/model/
[2026-05-09 19:32:41] (ERROR @ /var/www/html/core/vendor/xpdo/xpdo/src/xPDO/xPDO.php : 473) Path specified for package Category is not a valid or accessible directory: /var/www/html/core/components/Category/model/
[2026-05-09 19:32:41] (ERROR @ /var/www/html/core/vendor/xpdo/xpdo/src/xPDO/xPDO.php : 473) Path specified for package shop is not a valid or accessible directory: /var/www/html/core/components/shop/model/
[2026-05-09 19:32:45] (ERROR @ /var/www/html/core/vendor/xpdo/xpdo/src/xPDO/xPDO.php : 473) Path specified for package Category is not a valid or accessible directory: /var/www/html/core/components/Category/model/
[2026-05-09 19:32:45] (ERROR @ /var/www/html/core/vendor/xpdo/xpdo/src/xPDO/xPDO.php : 473) Path specified for package Category is not a valid or accessible directory: /var/www/html/core/components/Category/model/
[2026-05-09 19:32:45] (ERROR @ /var/www/html/core/vendor/xpdo/xpdo/src/xPDO/xPDO.php : 473) Path specified for package shop is not a valid or accessible directory: /var/www/html/core/components/shop/model/
[2026-05-09 19:32:45] (ERROR @ /var/www/html/core/vendor/xpdo/xpdo/src/xPDO/xPDO.php : 473) Path specified for package shop is not a valid or accessible directory: /var/www/html/core/components/shop/model/
[2026-05-09 19:32:46] (ERROR @ /var/www/html/core/vendor/xpdo/xpdo/src/xPDO/xPDO.php : 473) Path specified for package Category is not a valid or accessible directory: /var/www/html/core/components/Category/model/
[2026-05-09 19:32:46] (ERROR @ /var/www/html/core/vendor/xpdo/xpdo/src/xPDO/xPDO.php : 473) Path specified for package Category is not a valid or accessible directory: /var/www/html/core/components/Category/model/
[2026-05-09 19:32:46] (ERROR @ /var/www/html/core/vendor/xpdo/xpdo/src/xPDO/xPDO.php : 473) Path specified for package shop is not a valid or accessible directory: /var/www/html/core/components/shop/model/
[2026-05-09 19:32:46] (ERROR @ /var/www/html/core/vendor/xpdo/xpdo/src/xPDO/xPDO.php : 473) Path specified for package shop is not a valid or accessible directory: /var/www/html/core/components/shop/model/
[2026-05-09 19:32:46] (ERROR @ /var/www/html/core/vendor/xpdo/xpdo/src/xPDO/xPDO.php : 473) Path specified for package Category is not a valid or accessible directory: /var/www/html/core/components/Category/model/
[2026-05-09 19:32:46] (ERROR @ /var/www/html/core/vendor/xpdo/xpdo/src/xPDO/xPDO.php : 473) Path specified for package shop is not a valid or accessible directory: /var/www/html/core/components/shop/model/
[2026-05-09 19:32:47] (ERROR @ /var/www/html/core/vendor/xpdo/xpdo/src/xPDO/xPDO.php : 473) Path specified for package Category is not a valid or accessible directory: /var/www/html/core/components/Category/model/
[2026-05-09 19:32:47] (ERROR @ /var/www/html/core/vendor/xpdo/xpdo/src/xPDO/xPDO.php : 473) Path specified for package shop is not a valid or accessible directory: /var/www/html/core/components/shop/model/
[2026-05-09 19:32:47] (ERROR @ /var/www/html/core/vendor/xpdo/xpdo/src/xPDO/xPDO.php : 473) Path specified for package Category is not a valid or accessible directory: /var/www/html/core/components/Category/model/
[2026-05-09 19:32:47] (ERROR @ /var/www/html/core/vendor/xpdo/xpdo/src/xPDO/xPDO.php : 473) Path specified for package shop is not a valid or accessible directory: /var/www/html/core/components/shop/model/
[2026-05-09 19:32:47] (ERROR @ /var/www/html/core/vendor/xpdo/xpdo/src/xPDO/xPDO.php : 473) Path specified for package Category is not a valid or accessible directory: /var/www/html/core/components/Category/model/
[2026-05-09 19:32:47] (ERROR @ /var/www/html/core/vendor/xpdo/xpdo/src/xPDO/xPDO.php : 473) Path specified for package shop is not a valid or accessible directory: /var/www/html/core/components/shop/model/
[2026-05-09 19:32:47] (ERROR @ /var/www/html/core/vendor/xpdo/xpdo/src/xPDO/xPDO.php : 473) Path specified for package Category is not a valid or accessible directory: /var/www/html/core/components/Category/model/
[2026-05-09 19:32:47] (ERROR @ /var/www/html/core/vendor/xpdo/xpdo/src/xPDO/xPDO.php : 473) Path specified for package shop is not a valid or accessible directory: /var/www/html/core/components/shop/model/
[2026-05-09 19:32:48] (ERROR @ /var/www/html/core/vendor/xpdo/xpdo/src/xPDO/xPDO.php : 473) Path specified for package Category is not a valid or accessible directory: /var/www/html/core/components/Category/model/
[2026-05-09 19:32:48] (ERROR @ /var/www/html/core/vendor/xpdo/xpdo/src/xPDO/xPDO.php : 473) Path specified for package shop is not a valid or accessible directory: /var/www/html/core/components/shop/model/
[2026-05-09 19:32:48] (ERROR @ /var/www/html/core/vendor/xpdo/xpdo/src/xPDO/xPDO.php : 473) Path specified for package Category is not a valid or accessible directory: /var/www/html/core/components/Category/model/
[2026-05-09 19:32:48] (ERROR @ /var/www/html/core/vendor/xpdo/xpdo/src/xPDO/xPDO.php : 473) Path specified for package shop is not a valid or accessible directory: /var/www/html/core/components/shop/model/
[2026-05-09 19:32:50] (ERROR @ /var/www/html/core/vendor/xpdo/xpdo/src/xPDO/xPDO.php : 473) Path specified for package Category is not a valid or accessible directory: /var/www/html/core/components/Category/model/
[2026-05-09 19:32:50] (ERROR @ /var/www/html/core/vendor/xpdo/xpdo/src/xPDO/xPDO.php : 473) Path specified for package shop is not a valid or accessible directory: /var/www/html/core/components/shop/model/
[2026-05-09 19:32:55] (ERROR @ /var/www/html/core/vendor/xpdo/xpdo/src/xPDO/xPDO.php : 473) Path specified for package Category is not a valid or accessible directory: /var/www/html/core/components/Category/model/
[2026-05-09 19:32:55] (ERROR @ /var/www/html/core/vendor/xpdo/xpdo/src/xPDO/xPDO.php : 473) Path specified for package shop is not a valid or accessible directory: /var/www/html/core/components/shop/model/
[2026-05-09 19:32:58] (ERROR @ /var/www/html/core/vendor/xpdo/xpdo/src/xPDO/xPDO.php : 473) Path specified for package Category is not a valid or accessible directory: /var/www/html/core/components/Category/model/
[2026-05-09 19:32:58] (ERROR @ /var/www/html/core/vendor/xpdo/xpdo/src/xPDO/xPDO.php : 473) Path specified for package shop is not a valid or accessible directory: /var/www/html/core/components/shop/model/
[2026-05-09 19:33:02] (ERROR @ /var/www/html/core/vendor/xpdo/xpdo/src/xPDO/xPDO.php : 473) Path specified for package Category is not a valid or accessible directory: /var/www/html/core/components/Category/model/
[2026-05-09 19:33:02] (ERROR @ /var/www/html/core/vendor/xpdo/xpdo/src/xPDO/xPDO.php : 473) Path specified for package shop is not a valid or accessible directory: /var/www/html/core/components/shop/model/
[2026-05-09 19:33:02] (ERROR @ /var/www/html/core/vendor/xpdo/xpdo/src/xPDO/xPDO.php : 473) Path specified for package Category is not a valid or accessible directory: /var/www/html/core/components/Category/model/
[2026-05-09 19:33:02] (ERROR @ /var/www/html/core/vendor/xpdo/xpdo/src/xPDO/xPDO.php : 473) Path specified for package shop is not a valid or accessible directory: /var/www/html/core/components/shop/model/
[2026-05-09 19:33:03] (ERROR @ /var/www/html/core/vendor/xpdo/xpdo/src/xPDO/xPDO.php : 473) Path specified for package Category is not a valid or accessible directory: /var/www/html/core/components/Category/model/
[2026-05-09 19:33:03] (ERROR @ /var/www/html/core/vendor/xpdo/xpdo/src/xPDO/xPDO.php : 473) Path specified for package shop is not a valid or accessible directory: /var/www/html/core/components/shop/model/
[2026-05-09 19:33:04] (ERROR @ /var/www/html/core/vendor/xpdo/xpdo/src/xPDO/xPDO.php : 473) Path specified for package Category is not a valid or accessible directory: /var/www/html/core/components/Category/model/
[2026-05-09 19:33:04] (ERROR @ /var/www/html/core/vendor/xpdo/xpdo/src/xPDO/xPDO.php : 473) Path specified for package shop is not a valid or accessible directory: /var/www/html/core/components/shop/model/
[2026-05-09 19:33:06] (ERROR @ /var/www/html/core/vendor/xpdo/xpdo/src/xPDO/xPDO.php : 473) Path specified for package Category is not a valid or accessible directory: /var/www/html/core/components/Category/model/
[2026-05-09 19:33:06] (ERROR @ /var/www/html/core/vendor/xpdo/xpdo/src/xPDO/xPDO.php : 473) Path specified for package Category is not a valid or accessible directory: /var/www/html/core/components/Category/model/
[2026-05-09 19:33:06] (ERROR @ /var/www/html/core/vendor/xpdo/xpdo/src/xPDO/xPDO.php : 473) Path specified for package shop is not a valid or accessible directory: /var/www/html/core/components/shop/model/
[2026-05-09 19:33:06] (ERROR @ /var/www/html/core/vendor/xpdo/xpdo/src/xPDO/xPDO.php : 473) Path specified for package shop is not a valid or accessible directory: /var/www/html/core/components/shop/model/
[2026-05-09 19:33:07] (ERROR @ /var/www/html/core/vendor/xpdo/xpdo/src/xPDO/xPDO.php : 473) Path specified for package Category is not a valid or accessible directory: /var/www/html/core/components/Category/model/
[2026-05-09 19:33:07] (ERROR @ /var/www/html/core/vendor/xpdo/xpdo/src/xPDO/xPDO.php : 473) Path specified for package shop is not a valid or accessible directory: /var/www/html/core/components/shop/model/
[2026-05-09 19:33:09] (ERROR @ /var/www/html/core/vendor/xpdo/xpdo/src/xPDO/xPDO.php : 473) Path specified for package Category is not a valid or accessible directory: /var/www/html/core/components/Category/model/
[2026-05-09 19:33:09] (ERROR @ /var/www/html/core/vendor/xpdo/xpdo/src/xPDO/xPDO.php : 473) Path specified for package Category is not a valid or accessible directory: /var/www/html/core/components/Category/model/
[2026-05-09 19:33:09] (ERROR @ /var/www/html/core/vendor/xpdo/xpdo/src/xPDO/xPDO.php : 473) Path specified for package shop is not a valid or accessible directory: /var/www/html/core/components/shop/model/
[2026-05-09 19:33:09] (ERROR @ /var/www/html/core/vendor/xpdo/xpdo/src/xPDO/xPDO.php : 473) Path specified for package shop is not a valid or accessible directory: /var/www/html/core/components/shop/model/
[2026-05-09 19:33:10] (ERROR @ /var/www/html/core/vendor/xpdo/xpdo/src/xPDO/xPDO.php : 473) Path specified for package Category is not a valid or accessible directory: /var/www/html/core/components/Category/model/
[2026-05-09 19:33:10] (ERROR @ /var/www/html/core/vendor/xpdo/xpdo/src/xPDO/xPDO.php : 473) Path specified for package shop is not a valid or accessible directory: /var/www/html/core/components/shop/model/
[2026-05-09 19:33:11] (ERROR @ /var/www/html/core/vendor/xpdo/xpdo/src/xPDO/xPDO.php : 473) Path specified for package Category is not a valid or accessible directory: /var/www/html/core/components/Category/model/
[2026-05-09 19:33:11] (ERROR @ /var/www/html/core/vendor/xpdo/xpdo/src/xPDO/xPDO.php : 473) Path specified for package shop is not a valid or accessible directory: /var/www/html/core/components/shop/model/
[2026-05-09 19:33:12] (ERROR @ /var/www/html/core/vendor/xpdo/xpdo/src/xPDO/xPDO.php : 473) Path specified for package Category is not a valid or accessible directory: /var/www/html/core/components/Category/model/
[2026-05-09 19:33:12] (ERROR @ /var/www/html/core/vendor/xpdo/xpdo/src/xPDO/xPDO.php : 473) Path specified for package shop is not a valid or accessible directory: /var/www/html/core/components/shop/model/
[2026-05-09 19:33:13] (ERROR @ /var/www/html/core/vendor/xpdo/xpdo/src/xPDO/xPDO.php : 473) Path specified for package Category is not a valid or accessible directory: /var/www/html/core/components/Category/model/
[2026-05-09 19:33:13] (ERROR @ /var/www/html/core/vendor/xpdo/xpdo/src/xPDO/xPDO.php : 473) Path specified for package shop is not a valid or accessible directory: /var/www/html/core/components/shop/model/
[2026-05-09 19:33:14] (ERROR @ /var/www/html/core/vendor/xpdo/xpdo/src/xPDO/xPDO.php : 473) Path specified for package Category is not a valid or accessible directory: /var/www/html/core/components/Category/model/
[2026-05-09 19:33:14] (ERROR @ /var/www/html/core/vendor/xpdo/xpdo/src/xPDO/xPDO.php : 473) Path specified for package shop is not a valid or accessible directory: /var/www/html/core/components/shop/model/
[2026-05-09 19:33:15] (ERROR @ /var/www/html/core/vendor/xpdo/xpdo/src/xPDO/xPDO.php : 473) Path specified for package Category is not a valid or accessible directory: /var/www/html/core/components/Category/model/
[2026-05-09 19:33:15] (ERROR @ /var/www/html/core/vendor/xpdo/xpdo/src/xPDO/xPDO.php : 473) Path specified for package shop is not a valid or accessible directory: /var/www/html/core/components/shop/model/
[2026-05-09 19:33:17] (ERROR @ /var/www/html/core/vendor/xpdo/xpdo/src/xPDO/xPDO.php : 473) Path specified for package Category is not a valid or accessible directory: /var/www/html/core/components/Category/model/
[2026-05-09 19:33:17] (ERROR @ /var/www/html/core/vendor/xpdo/xpdo/src/xPDO/xPDO.php : 473) Path specified for package shop is not a valid or accessible directory: /var/www/html/core/components/shop/model/
[2026-05-09 19:33:18] (ERROR @ /var/www/html/core/vendor/xpdo/xpdo/src/xPDO/xPDO.php : 473) Path specified for package Category is not a valid or accessible directory: /var/www/html/core/components/Category/model/
[2026-05-09 19:33:18] (ERROR @ /var/www/html/core/vendor/xpdo/xpdo/src/xPDO/xPDO.php : 473) Path specified for package shop is not a valid or accessible directory: /var/www/html/core/components/shop/model/
[2026-05-09 19:33:18] (ERROR @ /var/www/html/core/vendor/xpdo/xpdo/src/xPDO/xPDO.php : 473) Path specified for package Category is not a valid or accessible directory: /var/www/html/core/components/Category/model/
[2026-05-09 19:33:18] (ERROR @ /var/www/html/core/vendor/xpdo/xpdo/src/xPDO/xPDO.php : 473) Path specified for package shop is not a valid or accessible directory: /var/www/html/core/components/shop/model/
[2026-05-09 19:33:19] (ERROR @ /var/www/html/core/vendor/xpdo/xpdo/src/xPDO/xPDO.php : 473) Path specified for package Category is not a valid or accessible directory: /var/www/html/core/components/Category/model/
[2026-05-09 19:33:19] (ERROR @ /var/www/html/core/vendor/xpdo/xpdo/src/xPDO/xPDO.php : 473) Path specified for package shop is not a valid or accessible directory: /var/www/html/core/components/shop/model/
[2026-05-09 19:33:20] (ERROR @ /var/www/html/core/vendor/xpdo/xpdo/src/xPDO/xPDO.php : 473) Path specified for package Category is not a valid or accessible directory: /var/www/html/core/components/Category/model/
[2026-05-09 19:33:20] (ERROR @ /var/www/html/core/vendor/xpdo/xpdo/src/xPDO/xPDO.php : 473) Path specified for package shop is not a valid or accessible directory: /var/www/html/core/components/shop/model/
[2026-05-09 19:33:21] (ERROR @ /var/www/html/core/vendor/xpdo/xpdo/src/xPDO/xPDO.php : 473) Path specified for package Category is not a valid or accessible directory: /var/www/html/core/components/Category/model/
[2026-05-09 19:33:21] (ERROR @ /var/www/html/core/vendor/xpdo/xpdo/src/xPDO/xPDO.php : 473) Path specified for package shop is not a valid or accessible directory: /var/www/html/core/components/shop/model/
[2026-05-09 19:33:22] (ERROR @ /var/www/html/core/vendor/xpdo/xpdo/src/xPDO/xPDO.php : 473) Path specified for package Category is not a valid or accessible directory: /var/www/html/core/components/Category/model/
[2026-05-09 19:33:22] (ERROR @ /var/www/html/core/vendor/xpdo/xpdo/src/xPDO/xPDO.php : 473) Path specified for package shop is not a valid or accessible directory: /var/www/html/core/components/shop/model/
[2026-05-09 19:33:23] (ERROR @ /var/www/html/core/vendor/xpdo/xpdo/src/xPDO/xPDO.php : 473) Path specified for package Category is not a valid or accessible directory: /var/www/html/core/components/Category/model/
[2026-05-09 19:33:23] (ERROR @ /var/www/html/core/vendor/xpdo/xpdo/src/xPDO/xPDO.php : 473) Path specified for package shop is not a valid or accessible directory: /var/www/html/core/components/shop/model/
[2026-05-09 19:33:26] (ERROR @ /var/www/html/core/vendor/xpdo/xpdo/src/xPDO/xPDO.php : 473) Path specified for package Category is not a valid or accessible directory: /var/www/html/core/components/Category/model/
[2026-05-09 19:33:26] (ERROR @ /var/www/html/core/vendor/xpdo/xpdo/src/xPDO/xPDO.php : 473) Path specified for package Category is not a valid or accessible directory: /var/www/html/core/components/Category/model/
[2026-05-09 19:33:26] (ERROR @ /var/www/html/core/vendor/xpdo/xpdo/src/xPDO/xPDO.php : 473) Path specified for package shop is not a valid or accessible directory: /var/www/html/core/components/shop/model/
[2026-05-09 19:33:26] (ERROR @ /var/www/html/core/vendor/xpdo/xpdo/src/xPDO/xPDO.php : 473) Path specified for package shop is not a valid or accessible directory: /var/www/html/core/components/shop/model/
[2026-05-09 19:33:37] (ERROR @ /var/www/html/core/vendor/xpdo/xpdo/src/xPDO/xPDO.php : 473) Path specified for package Category is not a valid or accessible directory: /var/www/html/core/components/Category/model/
[2026-05-09 19:33:37] (ERROR @ /var/www/html/core/vendor/xpdo/xpdo/src/xPDO/xPDO.php : 473) Path specified for package Category is not a valid or accessible directory: /var/www/html/core/components/Category/model/
[2026-05-09 19:33:37] (ERROR @ /var/www/html/core/vendor/xpdo/xpdo/src/xPDO/xPDO.php : 473) Path specified for package shop is not a valid or accessible directory: /var/www/html/core/components/shop/model/
[2026-05-09 19:33:37] (ERROR @ /var/www/html/core/vendor/xpdo/xpdo/src/xPDO/xPDO.php : 473) Path specified for package shop is not a valid or accessible directory: /var/www/html/core/components/shop/model/
[2026-05-09 19:33:38] (ERROR @ /var/www/html/core/vendor/xpdo/xpdo/src/xPDO/xPDO.php : 473) Path specified for package Category is not a valid or accessible directory: /var/www/html/core/components/Category/model/
[2026-05-09 19:33:38] (ERROR @ /var/www/html/core/vendor/xpdo/xpdo/src/xPDO/xPDO.php : 473) Path specified for package Category is not a valid or accessible directory: /var/www/html/core/components/Category/model/
[2026-05-09 19:33:38] (ERROR @ /var/www/html/core/vendor/xpdo/xpdo/src/xPDO/xPDO.php : 473) Path specified for package shop is not a valid or accessible directory: /var/www/html/core/components/shop/model/
[2026-05-09 19:33:38] (ERROR @ /var/www/html/core/vendor/xpdo/xpdo/src/xPDO/xPDO.php : 473) Path specified for package shop is not a valid or accessible directory: /var/www/html/core/components/shop/model/
[2026-05-09 19:33:38] (ERROR @ /var/www/html/core/vendor/xpdo/xpdo/src/xPDO/xPDO.php : 473) Path specified for package Category is not a valid or accessible directory: /var/www/html/core/components/Category/model/
[2026-05-09 19:33:38] (ERROR @ /var/www/html/core/vendor/xpdo/xpdo/src/xPDO/xPDO.php : 473) Path specified for package shop is not a valid or accessible directory: /var/www/html/core/components/shop/model/
[2026-05-09 19:33:38] (ERROR @ /var/www/html/core/vendor/xpdo/xpdo/src/xPDO/xPDO.php : 473) Path specified for package Category is not a valid or accessible directory: /var/www/html/core/components/Category/model/
[2026-05-09 19:33:38] (ERROR @ /var/www/html/core/vendor/xpdo/xpdo/src/xPDO/xPDO.php : 473) Path specified for package shop is not a valid or accessible directory: /var/www/html/core/components/shop/model/
[2026-05-09 19:33:39] (ERROR @ /var/www/html/core/vendor/xpdo/xpdo/src/xPDO/xPDO.php : 473) Path specified for package Category is not a valid or accessible directory: /var/www/html/core/components/Category/model/
[2026-05-09 19:33:39] (ERROR @ /var/www/html/core/vendor/xpdo/xpdo/src/xPDO/xPDO.php : 473) Path specified for package Category is not a valid or accessible directory: /var/www/html/core/components/Category/model/
[2026-05-09 19:33:39] (ERROR @ /var/www/html/core/vendor/xpdo/xpdo/src/xPDO/xPDO.php : 473) Path specified for package shop is not a valid or accessible directory: /var/www/html/core/components/shop/model/
[2026-05-09 19:33:39] (ERROR @ /var/www/html/core/vendor/xpdo/xpdo/src/xPDO/xPDO.php : 473) Path specified for package shop is not a valid or accessible directory: /var/www/html/core/components/shop/model/
[2026-05-09 19:33:39] (ERROR @ /var/www/html/core/vendor/xpdo/xpdo/src/xPDO/xPDO.php : 473) Path specified for package Category is not a valid or accessible directory: /var/www/html/core/components/Category/model/
[2026-05-09 19:33:39] (ERROR @ /var/www/html/core/vendor/xpdo/xpdo/src/xPDO/xPDO.php : 473) Path specified for package shop is not a valid or accessible directory: /var/www/html/core/components/shop/model/
[2026-05-09 19:33:41] (ERROR @ /var/www/html/core/vendor/xpdo/xpdo/src/xPDO/xPDO.php : 473) Path specified for package Category is not a valid or accessible directory: /var/www/html/core/components/Category/model/
[2026-05-09 19:33:41] (ERROR @ /var/www/html/core/vendor/xpdo/xpdo/src/xPDO/xPDO.php : 473) Path specified for package shop is not a valid or accessible directory: /var/www/html/core/components/shop/model/
[2026-05-09 19:33:45] (ERROR @ /var/www/html/core/vendor/xpdo/xpdo/src/xPDO/xPDO.php : 473) Path specified for package Category is not a valid or accessible directory: /var/www/html/core/components/Category/model/
[2026-05-09 19:33:45] (ERROR @ /var/www/html/core/vendor/xpdo/xpdo/src/xPDO/xPDO.php : 473) Path specified for package shop is not a valid or accessible directory: /var/www/html/core/components/shop/model/
[2026-05-09 19:33:48] (ERROR @ /var/www/html/core/vendor/xpdo/xpdo/src/xPDO/xPDO.php : 473) Path specified for package Category is not a valid or accessible directory: /var/www/html/core/components/Category/model/
[2026-05-09 19:33:48] (ERROR @ /var/www/html/core/vendor/xpdo/xpdo/src/xPDO/xPDO.php : 473) Path specified for package shop is not a valid or accessible directory: /var/www/html/core/components/shop/model/
[2026-05-09 19:33:53] (ERROR @ /var/www/html/core/vendor/xpdo/xpdo/src/xPDO/xPDO.php : 473) Path specified for package Category is not a valid or accessible directory: /var/www/html/core/components/Category/model/
[2026-05-09 19:33:53] (ERROR @ /var/www/html/core/vendor/xpdo/xpdo/src/xPDO/xPDO.php : 473) Path specified for package Category is not a valid or accessible directory: /var/www/html/core/components/Category/model/
[2026-05-09 19:33:53] (ERROR @ /var/www/html/core/vendor/xpdo/xpdo/src/xPDO/xPDO.php : 473) Path specified for package shop is not a valid or accessible directory: /var/www/html/core/components/shop/model/
[2026-05-09 19:33:53] (ERROR @ /var/www/html/core/vendor/xpdo/xpdo/src/xPDO/xPDO.php : 473) Path specified for package shop is not a valid or accessible directory: /var/www/html/core/components/shop/model/
[2026-05-09 19:34:18] (ERROR @ /var/www/html/core/vendor/xpdo/xpdo/src/xPDO/xPDO.php : 473) Path specified for package Category is not a valid or accessible directory: /var/www/html/core/components/Category/model/
[2026-05-09 19:34:18] (ERROR @ /var/www/html/core/vendor/xpdo/xpdo/src/xPDO/xPDO.php : 473) Path specified for package shop is not a valid or accessible directory: /var/www/html/core/components/shop/model/
[2026-05-09 19:34:21] (ERROR @ /var/www/html/core/vendor/xpdo/xpdo/src/xPDO/xPDO.php : 473) Path specified for package Category is not a valid or accessible directory: /var/www/html/core/components/Category/model/
[2026-05-09 19:34:21] (ERROR @ /var/www/html/core/vendor/xpdo/xpdo/src/xPDO/xPDO.php : 473) Path specified for package Category is not a valid or accessible directory: /var/www/html/core/components/Category/model/
[2026-05-09 19:34:21] (ERROR @ /var/www/html/core/vendor/xpdo/xpdo/src/xPDO/xPDO.php : 473) Path specified for package shop is not a valid or accessible directory: /var/www/html/core/components/shop/model/
[2026-05-09 19:34:21] (ERROR @ /var/www/html/core/vendor/xpdo/xpdo/src/xPDO/xPDO.php : 473) Path specified for package shop is not a valid or accessible directory: /var/www/html/core/components/shop/model/
[2026-05-09 19:34:22] (ERROR @ /var/www/html/core/vendor/xpdo/xpdo/src/xPDO/xPDO.php : 473) Path specified for package Category is not a valid or accessible directory: /var/www/html/core/components/Category/model/
[2026-05-09 19:34:22] (ERROR @ /var/www/html/core/vendor/xpdo/xpdo/src/xPDO/xPDO.php : 473) Path specified for package Category is not a valid or accessible directory: /var/www/html/core/components/Category/model/
[2026-05-09 19:34:22] (ERROR @ /var/www/html/core/vendor/xpdo/xpdo/src/xPDO/xPDO.php : 473) Path specified for package Category is not a valid or accessible directory: /var/www/html/core/components/Category/model/
[2026-05-09 19:34:22] (ERROR @ /var/www/html/core/vendor/xpdo/xpdo/src/xPDO/xPDO.php : 473) Path specified for package shop is not a valid or accessible directory: /var/www/html/core/components/shop/model/
[2026-05-09 19:34:22] (ERROR @ /var/www/html/core/vendor/xpdo/xpdo/src/xPDO/xPDO.php : 473) Path specified for package shop is not a valid or accessible directory: /var/www/html/core/components/shop/model/
[2026-05-09 19:34:22] (ERROR @ /var/www/html/core/vendor/xpdo/xpdo/src/xPDO/xPDO.php : 473) Path specified for package shop is not a valid or accessible directory: /var/www/html/core/components/shop/model/
[2026-05-09 19:34:22] (ERROR @ /var/www/html/core/vendor/xpdo/xpdo/src/xPDO/xPDO.php : 473) Path specified for package Category is not a valid or accessible directory: /var/www/html/core/components/Category/model/
[2026-05-09 19:34:23] (ERROR @ /var/www/html/core/vendor/xpdo/xpdo/src/xPDO/xPDO.php : 473) Path specified for package shop is not a valid or accessible directory: /var/www/html/core/components/shop/model/
[2026-05-09 19:34:23] (ERROR @ /var/www/html/core/vendor/xpdo/xpdo/src/xPDO/xPDO.php : 473) Path specified for package Category is not a valid or accessible directory: /var/www/html/core/components/Category/model/
[2026-05-09 19:34:23] (ERROR @ /var/www/html/core/vendor/xpdo/xpdo/src/xPDO/xPDO.php : 473) Path specified for package shop is not a valid or accessible directory: /var/www/html/core/components/shop/model/
[2026-05-09 19:34:23] (ERROR @ /var/www/html/core/vendor/xpdo/xpdo/src/xPDO/xPDO.php : 473) Path specified for package Category is not a valid or accessible directory: /var/www/html/core/components/Category/model/
[2026-05-09 19:34:23] (ERROR @ /var/www/html/core/vendor/xpdo/xpdo/src/xPDO/xPDO.php : 473) Path specified for package Category is not a valid or accessible directory: /var/www/html/core/components/Category/model/
[2026-05-09 19:34:23] (ERROR @ /var/www/html/core/vendor/xpdo/xpdo/src/xPDO/xPDO.php : 473) Path specified for package shop is not a valid or accessible directory: /var/www/html/core/components/shop/model/
[2026-05-09 19:34:23] (ERROR @ /var/www/html/core/vendor/xpdo/xpdo/src/xPDO/xPDO.php : 473) Path specified for package shop is not a valid or accessible directory: /var/www/html/core/components/shop/model/
[2026-05-09 19:34:24] (ERROR @ /var/www/html/core/vendor/xpdo/xpdo/src/xPDO/xPDO.php : 473) Path specified for package Category is not a valid or accessible directory: /var/www/html/core/components/Category/model/
[2026-05-09 19:34:24] (ERROR @ /var/www/html/core/vendor/xpdo/xpdo/src/xPDO/xPDO.php : 473) Path specified for package shop is not a valid or accessible directory: /var/www/html/core/components/shop/model/
[2026-05-09 19:34:24] (ERROR @ /var/www/html/core/vendor/xpdo/xpdo/src/xPDO/xPDO.php : 473) Path specified for package Category is not a valid or accessible directory: /var/www/html/core/components/Category/model/
[2026-05-09 19:34:24] (ERROR @ /var/www/html/core/vendor/xpdo/xpdo/src/xPDO/xPDO.php : 473) Path specified for package shop is not a valid or accessible directory: /var/www/html/core/components/shop/model/
[2026-05-09 19:34:28] (ERROR @ /var/www/html/core/vendor/xpdo/xpdo/src/xPDO/xPDO.php : 473) Path specified for package Category is not a valid or accessible directory: /var/www/html/core/components/Category/model/
[2026-05-09 19:34:28] (ERROR @ /var/www/html/core/vendor/xpdo/xpdo/src/xPDO/xPDO.php : 473) Path specified for package shop is not a valid or accessible directory: /var/www/html/core/components/shop/model/
[2026-05-09 19:34:28] (ERROR @ /var/www/html/core/vendor/xpdo/xpdo/src/xPDO/xPDO.php : 473) Path specified for package Category is not a valid or accessible directory: /var/www/html/core/components/Category/model/
[2026-05-09 19:34:28] (ERROR @ /var/www/html/core/vendor/xpdo/xpdo/src/xPDO/xPDO.php : 473) Path specified for package shop is not a valid or accessible directory: /var/www/html/core/components/shop/model/
[2026-05-09 19:34:30] (ERROR @ /var/www/html/core/vendor/xpdo/xpdo/src/xPDO/xPDO.php : 473) Path specified for package Category is not a valid or accessible directory: /var/www/html/core/components/Category/model/
[2026-05-09 19:34:30] (ERROR @ /var/www/html/core/vendor/xpdo/xpdo/src/xPDO/xPDO.php : 473) Path specified for package shop is not a valid or accessible directory: /var/www/html/core/components/shop/model/
[2026-05-09 19:34:32] (ERROR @ /var/www/html/core/vendor/xpdo/xpdo/src/xPDO/xPDO.php : 473) Path specified for package Category is not a valid or accessible directory: /var/www/html/core/components/Category/model/
[2026-05-09 19:34:32] (ERROR @ /var/www/html/core/vendor/xpdo/xpdo/src/xPDO/xPDO.php : 473) Path specified for package Category is not a valid or accessible directory: /var/www/html/core/components/Category/model/
[2026-05-09 19:34:32] (ERROR @ /var/www/html/core/vendor/xpdo/xpdo/src/xPDO/xPDO.php : 473) Path specified for package shop is not a valid or accessible directory: /var/www/html/core/components/shop/model/
[2026-05-09 19:34:32] (ERROR @ /var/www/html/core/vendor/xpdo/xpdo/src/xPDO/xPDO.php : 473) Path specified for package shop is not a valid or accessible directory: /var/www/html/core/components/shop/model/
[2026-05-09 19:35:10] (ERROR @ /var/www/html/core/vendor/xpdo/xpdo/src/xPDO/xPDO.php : 473) Path specified for package Category is not a valid or accessible directory: /var/www/html/core/components/Category/model/
[2026-05-09 19:35:10] (ERROR @ /var/www/html/core/vendor/xpdo/xpdo/src/xPDO/xPDO.php : 473) Path specified for package shop is not a valid or accessible directory: /var/www/html/core/components/shop/model/
[2026-05-09 19:35:24] (ERROR @ /var/www/html/core/vendor/xpdo/xpdo/src/xPDO/xPDO.php : 473) Path specified for package Category is not a valid or accessible directory: /var/www/html/core/components/Category/model/
[2026-05-09 19:35:24] (ERROR @ /var/www/html/core/vendor/xpdo/xpdo/src/xPDO/xPDO.php : 473) Path specified for package shop is not a valid or accessible directory: /var/www/html/core/components/shop/model/
[2026-05-09 19:35:27] (ERROR @ /var/www/html/core/vendor/xpdo/xpdo/src/xPDO/xPDO.php : 473) Path specified for package Category is not a valid or accessible directory: /var/www/html/core/components/Category/model/
[2026-05-09 19:35:27] (ERROR @ /var/www/html/core/vendor/xpdo/xpdo/src/xPDO/xPDO.php : 473) Path specified for package shop is not a valid or accessible directory: /var/www/html/core/components/shop/model/
[2026-05-09 19:35:38] (ERROR @ /var/www/html/core/vendor/xpdo/xpdo/src/xPDO/xPDO.php : 473) Path specified for package Category is not a valid or accessible directory: /var/www/html/core/components/Category/model/
[2026-05-09 19:35:38] (ERROR @ /var/www/html/core/vendor/xpdo/xpdo/src/xPDO/xPDO.php : 473) Path specified for package Category is not a valid or accessible directory: /var/www/html/core/components/Category/model/
[2026-05-09 19:35:38] (ERROR @ /var/www/html/core/vendor/xpdo/xpdo/src/xPDO/xPDO.php : 473) Path specified for package Category is not a valid or accessible directory: /var/www/html/core/components/Category/model/
[2026-05-09 19:35:38] (ERROR @ /var/www/html/core/vendor/xpdo/xpdo/src/xPDO/xPDO.php : 473) Path specified for package shop is not a valid or accessible directory: /var/www/html/core/components/shop/model/
[2026-05-09 19:35:38] (ERROR @ /var/www/html/core/vendor/xpdo/xpdo/src/xPDO/xPDO.php : 473) Path specified for package shop is not a valid or accessible directory: /var/www/html/core/components/shop/model/
[2026-05-09 19:35:38] (ERROR @ /var/www/html/core/vendor/xpdo/xpdo/src/xPDO/xPDO.php : 473) Path specified for package shop is not a valid or accessible directory: /var/www/html/core/components/shop/model/
[2026-05-09 19:35:39] (ERROR @ /var/www/html/core/vendor/xpdo/xpdo/src/xPDO/xPDO.php : 473) Path specified for package Category is not a valid or accessible directory: /var/www/html/core/components/Category/model/
[2026-05-09 19:35:39] (ERROR @ /var/www/html/core/vendor/xpdo/xpdo/src/xPDO/xPDO.php : 473) Path specified for package shop is not a valid or accessible directory: /var/www/html/core/components/shop/model/
[2026-05-09 19:35:39] (ERROR @ /var/www/html/core/vendor/xpdo/xpdo/src/xPDO/xPDO.php : 473) Path specified for package Category is not a valid or accessible directory: /var/www/html/core/components/Category/model/
[2026-05-09 19:35:39] (ERROR @ /var/www/html/core/vendor/xpdo/xpdo/src/xPDO/xPDO.php : 473) Path specified for package shop is not a valid or accessible directory: /var/www/html/core/components/shop/model/
[2026-05-09 19:35:39] (ERROR @ /var/www/html/core/vendor/xpdo/xpdo/src/xPDO/xPDO.php : 473) Path specified for package Category is not a valid or accessible directory: /var/www/html/core/components/Category/model/
[2026-05-09 19:35:39] (ERROR @ /var/www/html/core/vendor/xpdo/xpdo/src/xPDO/xPDO.php : 473) Path specified for package shop is not a valid or accessible directory: /var/www/html/core/components/shop/model/
[2026-05-09 19:35:39] (ERROR @ /var/www/html/core/vendor/xpdo/xpdo/src/xPDO/xPDO.php : 473) Path specified for package Category is not a valid or accessible directory: /var/www/html/core/components/Category/model/
[2026-05-09 19:35:39] (ERROR @ /var/www/html/core/vendor/xpdo/xpdo/src/xPDO/xPDO.php : 473) Path specified for package shop is not a valid or accessible directory: /var/www/html/core/components/shop/model/
[2026-05-09 19:35:40] (ERROR @ /var/www/html/core/vendor/xpdo/xpdo/src/xPDO/xPDO.php : 473) Path specified for package Category is not a valid or accessible directory: /var/www/html/core/components/Category/model/
[2026-05-09 19:35:40] (ERROR @ /var/www/html/core/vendor/xpdo/xpdo/src/xPDO/xPDO.php : 473) Path specified for package shop is not a valid or accessible directory: /var/www/html/core/components/shop/model/
[2026-05-09 19:35:40] (ERROR @ /var/www/html/core/vendor/xpdo/xpdo/src/xPDO/xPDO.php : 473) Path specified for package Category is not a valid or accessible directory: /var/www/html/core/components/Category/model/
[2026-05-09 19:35:40] (ERROR @ /var/www/html/core/vendor/xpdo/xpdo/src/xPDO/xPDO.php : 473) Path specified for package shop is not a valid or accessible directory: /var/www/html/core/components/shop/model/
[2026-05-09 19:35:43] (ERROR @ /var/www/html/core/vendor/xpdo/xpdo/src/xPDO/xPDO.php : 473) Path specified for package Category is not a valid or accessible directory: /var/www/html/core/components/Category/model/
[2026-05-09 19:35:43] (ERROR @ /var/www/html/core/vendor/xpdo/xpdo/src/xPDO/xPDO.php : 473) Path specified for package shop is not a valid or accessible directory: /var/www/html/core/components/shop/model/
[2026-05-09 19:35:43] (ERROR @ /var/www/html/core/vendor/xpdo/xpdo/src/xPDO/xPDO.php : 473) Path specified for package Category is not a valid or accessible directory: /var/www/html/core/components/Category/model/
[2026-05-09 19:35:43] (ERROR @ /var/www/html/core/vendor/xpdo/xpdo/src/xPDO/xPDO.php : 473) Path specified for package shop is not a valid or accessible directory: /var/www/html/core/components/shop/model/
[2026-05-09 19:35:46] (ERROR @ /var/www/html/core/vendor/xpdo/xpdo/src/xPDO/xPDO.php : 473) Path specified for package Category is not a valid or accessible directory: /var/www/html/core/components/Category/model/
[2026-05-09 19:35:46] (ERROR @ /var/www/html/core/vendor/xpdo/xpdo/src/xPDO/xPDO.php : 473) Path specified for package Category is not a valid or accessible directory: /var/www/html/core/components/Category/model/
[2026-05-09 19:35:46] (ERROR @ /var/www/html/core/vendor/xpdo/xpdo/src/xPDO/xPDO.php : 473) Path specified for package shop is not a valid or accessible directory: /var/www/html/core/components/shop/model/
[2026-05-09 19:35:46] (ERROR @ /var/www/html/core/vendor/xpdo/xpdo/src/xPDO/xPDO.php : 473) Path specified for package shop is not a valid or accessible directory: /var/www/html/core/components/shop/model/
[2026-05-09 19:35:47] (ERROR @ /var/www/html/core/vendor/xpdo/xpdo/src/xPDO/xPDO.php : 473) Path specified for package Category is not a valid or accessible directory: /var/www/html/core/components/Category/model/
[2026-05-09 19:35:47] (ERROR @ /var/www/html/core/vendor/xpdo/xpdo/src/xPDO/xPDO.php : 473) Path specified for package Category is not a valid or accessible directory: /var/www/html/core/components/Category/model/
[2026-05-09 19:35:47] (ERROR @ /var/www/html/core/vendor/xpdo/xpdo/src/xPDO/xPDO.php : 473) Path specified for package shop is not a valid or accessible directory: /var/www/html/core/components/shop/model/
[2026-05-09 19:35:47] (ERROR @ /var/www/html/core/vendor/xpdo/xpdo/src/xPDO/xPDO.php : 473) Path specified for package shop is not a valid or accessible directory: /var/www/html/core/components/shop/model/
[2026-05-09 19:35:47] (ERROR @ /var/www/html/core/vendor/xpdo/xpdo/src/xPDO/xPDO.php : 473) Path specified for package Category is not a valid or accessible directory: /var/www/html/core/components/Category/model/
[2026-05-09 19:35:47] (ERROR @ /var/www/html/core/vendor/xpdo/xpdo/src/xPDO/xPDO.php : 473) Path specified for package shop is not a valid or accessible directory: /var/www/html/core/components/shop/model/
[2026-05-09 19:35:47] (ERROR @ /var/www/html/core/vendor/xpdo/xpdo/src/xPDO/xPDO.php : 473) Path specified for package Category is not a valid or accessible directory: /var/www/html/core/components/Category/model/
[2026-05-09 19:35:47] (ERROR @ /var/www/html/core/vendor/xpdo/xpdo/src/xPDO/xPDO.php : 473) Path specified for package shop is not a valid or accessible directory: /var/www/html/core/components/shop/model/
[2026-05-09 19:35:48] (ERROR @ /var/www/html/core/vendor/xpdo/xpdo/src/xPDO/xPDO.php : 473) Path specified for package Category is not a valid or accessible directory: /var/www/html/core/components/Category/model/
[2026-05-09 19:35:48] (ERROR @ /var/www/html/core/vendor/xpdo/xpdo/src/xPDO/xPDO.php : 473) Path specified for package shop is not a valid or accessible directory: /var/www/html/core/components/shop/model/
[2026-05-09 19:35:48] (ERROR @ /var/www/html/core/vendor/xpdo/xpdo/src/xPDO/xPDO.php : 473) Path specified for package Category is not a valid or accessible directory: /var/www/html/core/components/Category/model/
[2026-05-09 19:35:48] (ERROR @ /var/www/html/core/vendor/xpdo/xpdo/src/xPDO/xPDO.php : 473) Path specified for package shop is not a valid or accessible directory: /var/www/html/core/components/shop/model/
[2026-05-09 19:35:48] (ERROR @ /var/www/html/core/vendor/xpdo/xpdo/src/xPDO/xPDO.php : 473) Path specified for package Category is not a valid or accessible directory: /var/www/html/core/components/Category/model/
[2026-05-09 19:35:48] (ERROR @ /var/www/html/core/vendor/xpdo/xpdo/src/xPDO/xPDO.php : 473) Path specified for package shop is not a valid or accessible directory: /var/www/html/core/components/shop/model/
[2026-05-09 19:35:49] (ERROR @ /var/www/html/core/vendor/xpdo/xpdo/src/xPDO/xPDO.php : 473) Path specified for package Category is not a valid or accessible directory: /var/www/html/core/components/Category/model/
[2026-05-09 19:35:49] (ERROR @ /var/www/html/core/vendor/xpdo/xpdo/src/xPDO/xPDO.php : 473) Path specified for package Category is not a valid or accessible directory: /var/www/html/core/components/Category/model/
[2026-05-09 19:35:49] (ERROR @ /var/www/html/core/vendor/xpdo/xpdo/src/xPDO/xPDO.php : 473) Path specified for package shop is not a valid or accessible directory: /var/www/html/core/components/shop/model/
[2026-05-09 19:35:49] (ERROR @ /var/www/html/core/vendor/xpdo/xpdo/src/xPDO/xPDO.php : 473) Path specified for package shop is not a valid or accessible directory: /var/www/html/core/components/shop/model/
[2026-05-09 19:35:54] (ERROR @ /var/www/html/core/vendor/xpdo/xpdo/src/xPDO/xPDO.php : 473) Path specified for package Category is not a valid or accessible directory: /var/www/html/core/components/Category/model/
[2026-05-09 19:35:54] (ERROR @ /var/www/html/core/vendor/xpdo/xpdo/src/xPDO/xPDO.php : 473) Path specified for package shop is not a valid or accessible directory: /var/www/html/core/components/shop/model/
[2026-05-09 19:39:50] (ERROR @ /var/www/html/core/vendor/xpdo/xpdo/src/xPDO/xPDO.php : 473) Path specified for package Category is not a valid or accessible directory: /var/www/html/core/components/Category/model/
[2026-05-09 19:39:50] (ERROR @ /var/www/html/core/vendor/xpdo/xpdo/src/xPDO/xPDO.php : 473) Path specified for package shop is not a valid or accessible directory: /var/www/html/core/components/shop/model/
[2026-05-09 19:39:55] (ERROR @ /var/www/html/core/vendor/xpdo/xpdo/src/xPDO/xPDO.php : 473) Path specified for package Category is not a valid or accessible directory: /var/www/html/core/components/Category/model/
[2026-05-09 19:39:55] (ERROR @ /var/www/html/core/vendor/xpdo/xpdo/src/xPDO/xPDO.php : 473) Path specified for package Category is not a valid or accessible directory: /var/www/html/core/components/Category/model/
[2026-05-09 19:39:55] (ERROR @ /var/www/html/core/vendor/xpdo/xpdo/src/xPDO/xPDO.php : 473) Path specified for package shop is not a valid or accessible directory: /var/www/html/core/components/shop/model/
[2026-05-09 19:39:55] (ERROR @ /var/www/html/core/vendor/xpdo/xpdo/src/xPDO/xPDO.php : 473) Path specified for package shop is not a valid or accessible directory: /var/www/html/core/components/shop/model/
[2026-05-09 19:39:57] (ERROR @ /var/www/html/core/vendor/xpdo/xpdo/src/xPDO/xPDO.php : 473) Path specified for package Category is not a valid or accessible directory: /var/www/html/core/components/Category/model/
[2026-05-09 19:39:57] (ERROR @ /var/www/html/core/vendor/xpdo/xpdo/src/xPDO/xPDO.php : 473) Path specified for package Category is not a valid or accessible directory: /var/www/html/core/components/Category/model/
[2026-05-09 19:39:57] (ERROR @ /var/www/html/core/vendor/xpdo/xpdo/src/xPDO/xPDO.php : 473) Path specified for package shop is not a valid or accessible directory: /var/www/html/core/components/shop/model/
[2026-05-09 19:39:57] (ERROR @ /var/www/html/core/vendor/xpdo/xpdo/src/xPDO/xPDO.php : 473) Path specified for package shop is not a valid or accessible directory: /var/www/html/core/components/shop/model/
[2026-05-09 19:39:57] (ERROR @ /var/www/html/core/vendor/xpdo/xpdo/src/xPDO/xPDO.php : 473) Path specified for package Category is not a valid or accessible directory: /var/www/html/core/components/Category/model/
[2026-05-09 19:39:57] (ERROR @ /var/www/html/core/vendor/xpdo/xpdo/src/xPDO/xPDO.php : 473) Path specified for package shop is not a valid or accessible directory: /var/www/html/core/components/shop/model/
[2026-05-09 19:39:57] (ERROR @ /var/www/html/core/vendor/xpdo/xpdo/src/xPDO/xPDO.php : 473) Path specified for package Category is not a valid or accessible directory: /var/www/html/core/components/Category/model/
[2026-05-09 19:39:57] (ERROR @ /var/www/html/core/vendor/xpdo/xpdo/src/xPDO/xPDO.php : 473) Path specified for package Category is not a valid or accessible directory: /var/www/html/core/components/Category/model/
[2026-05-09 19:39:57] (ERROR @ /var/www/html/core/vendor/xpdo/xpdo/src/xPDO/xPDO.php : 473) Path specified for package shop is not a valid or accessible directory: /var/www/html/core/components/shop/model/
[2026-05-09 19:39:57] (ERROR @ /var/www/html/core/vendor/xpdo/xpdo/src/xPDO/xPDO.php : 473) Path specified for package shop is not a valid or accessible directory: /var/www/html/core/components/shop/model/
[2026-05-09 19:39:57] (ERROR @ /var/www/html/core/vendor/xpdo/xpdo/src/xPDO/xPDO.php : 473) Path specified for package Category is not a valid or accessible directory: /var/www/html/core/components/Category/model/
[2026-05-09 19:39:57] (ERROR @ /var/www/html/core/vendor/xpdo/xpdo/src/xPDO/xPDO.php : 473) Path specified for package shop is not a valid or accessible directory: /var/www/html/core/components/shop/model/
[2026-05-09 19:39:57] (ERROR @ /var/www/html/core/vendor/xpdo/xpdo/src/xPDO/xPDO.php : 473) Path specified for package Category is not a valid or accessible directory: /var/www/html/core/components/Category/model/
[2026-05-09 19:39:57] (ERROR @ /var/www/html/core/vendor/xpdo/xpdo/src/xPDO/xPDO.php : 473) Path specified for package shop is not a valid or accessible directory: /var/www/html/core/components/shop/model/
[2026-05-09 19:39:58] (ERROR @ /var/www/html/core/vendor/xpdo/xpdo/src/xPDO/xPDO.php : 473) Path specified for package Category is not a valid or accessible directory: /var/www/html/core/components/Category/model/
[2026-05-09 19:39:58] (ERROR @ /var/www/html/core/vendor/xpdo/xpdo/src/xPDO/xPDO.php : 473) Path specified for package shop is not a valid or accessible directory: /var/www/html/core/components/shop/model/
[2026-05-09 19:40:02] (ERROR @ /var/www/html/core/vendor/xpdo/xpdo/src/xPDO/xPDO.php : 473) Path specified for package Category is not a valid or accessible directory: /var/www/html/core/components/Category/model/
[2026-05-09 19:40:02] (ERROR @ /var/www/html/core/vendor/xpdo/xpdo/src/xPDO/xPDO.php : 473) Path specified for package shop is not a valid or accessible directory: /var/www/html/core/components/shop/model/
[2026-05-09 19:40:10] (ERROR @ /var/www/html/core/vendor/xpdo/xpdo/src/xPDO/xPDO.php : 473) Path specified for package Category is not a valid or accessible directory: /var/www/html/core/components/Category/model/
[2026-05-09 19:40:10] (ERROR @ /var/www/html/core/vendor/xpdo/xpdo/src/xPDO/xPDO.php : 473) Path specified for package shop is not a valid or accessible directory: /var/www/html/core/components/shop/model/
